scenario,mode,frame,pass,frame_cpu_ms,submitted_rows,first_row,last_row,discard_requests,refused,reasons
Idle,All,0,0,38.873625,10000,0,9999,0,false,
Idle,All,1,0,38.764041,10000,0,9999,0,false,
Idle,All,2,0,39.661208,10000,0,9999,0,false,
Idle,All,3,0,38.893833,10000,0,9999,0,false,
Idle,All,4,0,39.146916,10000,0,9999,0,false,
Idle,All,5,0,38.905167,10000,0,9999,0,false,
Idle,All,6,0,38.238042,10000,0,9999,0,false,
Idle,All,7,0,38.923875,10000,0,9999,0,false,
Idle,All,8,0,38.863708,10000,0,9999,0,false,
Idle,All,9,0,38.415584,10000,0,9999,0,false,
Idle,All,10,0,42.254208,10000,0,9999,0,false,
Idle,All,11,0,39.898458,10000,0,9999,0,false,
Idle,All,12,0,39.038958,10000,0,9999,0,false,
Idle,All,13,0,39.329250,10000,0,9999,0,false,
Idle,All,14,0,43.655750,10000,0,9999,0,false,
Idle,All,15,0,40.496792,10000,0,9999,0,false,
Idle,All,16,0,38.914791,10000,0,9999,0,false,
Idle,All,17,0,38.727833,10000,0,9999,0,false,
Idle,All,18,0,38.964459,10000,0,9999,0,false,
Idle,All,19,0,38.591709,10000,0,9999,0,false,
Idle,All,20,0,38.232709,10000,0,9999,0,false,
Idle,All,21,0,38.886958,10000,0,9999,0,false,
Idle,All,22,0,38.627875,10000,0,9999,0,false,
Idle,All,23,0,38.931666,10000,0,9999,0,false,
Idle,All,24,0,38.942458,10000,0,9999,0,false,
Idle,All,25,0,38.916584,10000,0,9999,0,false,
Idle,All,26,0,38.307291,10000,0,9999,0,false,
Idle,All,27,0,38.948875,10000,0,9999,0,false,
Idle,All,28,0,38.654125,10000,0,9999,0,false,
Idle,All,29,0,38.605209,10000,0,9999,0,false,
Idle,All,30,0,38.484000,10000,0,9999,0,false,
Idle,All,31,0,38.349791,10000,0,9999,0,false,
Idle,All,32,0,42.610791,10000,0,9999,0,false,
Idle,All,33,0,39.698583,10000,0,9999,0,false,
Idle,All,34,0,39.443208,10000,0,9999,0,false,
Idle,All,35,0,41.263625,10000,0,9999,0,false,
Idle,All,36,0,40.048334,10000,0,9999,0,false,
Idle,All,37,0,38.583250,10000,0,9999,0,false,
Idle,All,38,0,39.205959,10000,0,9999,0,false,
Idle,All,39,0,41.342250,10000,0,9999,0,false,
Idle,All,40,0,40.645458,10000,0,9999,0,false,
Idle,All,41,0,39.012542,10000,0,9999,0,false,
Idle,All,42,0,38.744625,10000,0,9999,0,false,
Idle,All,43,0,39.124708,10000,0,9999,0,false,
Idle,All,44,0,38.861000,10000,0,9999,0,false,
Idle,All,45,0,38.402250,10000,0,9999,0,false,
Idle,All,46,0,39.103875,10000,0,9999,0,false,
Idle,All,47,0,39.152542,10000,0,9999,0,false,
Idle,All,48,0,39.188625,10000,0,9999,0,false,
Idle,All,49,0,38.926625,10000,0,9999,0,false,
Idle,All,50,0,38.611333,10000,0,9999,0,false,
Idle,All,51,0,38.663125,10000,0,9999,0,false,
Idle,All,52,0,39.511708,10000,0,9999,0,false,
Idle,All,53,0,38.619417,10000,0,9999,0,false,
Idle,All,54,0,38.973333,10000,0,9999,0,false,
Idle,All,55,0,38.647833,10000,0,9999,0,false,
Idle,All,56,0,38.972083,10000,0,9999,0,false,
Idle,All,57,0,38.764375,10000,0,9999,0,false,
Idle,All,58,0,38.539959,10000,0,9999,0,false,
Idle,All,59,0,38.915625,10000,0,9999,0,false,
Idle,All,60,0,39.781542,10000,0,9999,0,false,
Idle,All,61,0,41.434250,10000,0,9999,0,false,
Idle,All,62,0,38.924458,10000,0,9999,0,false,
Idle,All,63,0,38.522750,10000,0,9999,0,false,
Idle,All,64,0,40.271916,10000,0,9999,0,false,
Idle,All,65,0,42.470958,10000,0,9999,0,false,
Idle,All,66,0,39.744625,10000,0,9999,0,false,
Idle,All,67,0,38.826917,10000,0,9999,0,false,
Idle,All,68,0,38.821000,10000,0,9999,0,false,
Idle,All,69,0,38.872334,10000,0,9999,0,false,
Idle,All,70,0,38.731333,10000,0,9999,0,false,
Idle,All,71,0,38.544459,10000,0,9999,0,false,
Idle,All,72,0,39.051000,10000,0,9999,0,false,
Idle,All,73,0,43.311291,10000,0,9999,0,false,
Idle,All,74,0,40.489250,10000,0,9999,0,false,
Idle,All,75,0,39.079750,10000,0,9999,0,false,
Idle,All,76,0,39.045125,10000,0,9999,0,false,
Idle,All,77,0,39.735875,10000,0,9999,0,false,
Idle,All,78,0,39.132791,10000,0,9999,0,false,
Idle,All,79,0,39.393167,10000,0,9999,0,false,
Idle,All,80,0,38.171375,10000,0,9999,0,false,
Idle,All,81,0,38.531000,10000,0,9999,0,false,
Idle,All,82,0,39.294625,10000,0,9999,0,false,
Idle,All,83,0,38.297000,10000,0,9999,0,false,
Idle,All,84,0,38.905958,10000,0,9999,0,false,
Idle,All,85,0,38.909709,10000,0,9999,0,false,
Idle,All,86,0,39.005875,10000,0,9999,0,false,
Idle,All,87,0,38.513208,10000,0,9999,0,false,
Idle,All,88,0,38.234083,10000,0,9999,0,false,
Idle,All,89,0,38.573625,10000,0,9999,0,false,
Idle,All,90,0,42.945291,10000,0,9999,0,false,
Idle,All,91,0,39.849958,10000,0,9999,0,false,
Idle,All,92,0,38.377041,10000,0,9999,0,false,
Idle,All,93,0,38.568125,10000,0,9999,0,false,
Idle,All,94,0,38.905625,10000,0,9999,0,false,
Idle,All,95,0,38.770500,10000,0,9999,0,false,
Idle,All,96,0,38.877750,10000,0,9999,0,false,
Idle,All,97,0,39.043792,10000,0,9999,0,false,
Idle,All,98,0,38.284792,10000,0,9999,0,false,
Idle,All,99,0,42.845625,10000,0,9999,0,false,
Idle,All,100,0,41.993666,10000,0,9999,0,false,
Idle,All,101,0,39.135000,10000,0,9999,0,false,
Idle,All,102,0,39.432042,10000,0,9999,0,false,
Idle,All,103,0,39.873000,10000,0,9999,0,false,
Idle,All,104,0,39.265917,10000,0,9999,0,false,
Idle,All,105,0,38.997292,10000,0,9999,0,false,
Idle,All,106,0,37.937084,10000,0,9999,0,false,
Idle,All,107,0,38.429916,10000,0,9999,0,false,
Idle,All,108,0,39.356458,10000,0,9999,0,false,
Idle,All,109,0,38.579666,10000,0,9999,0,false,
Idle,All,110,0,38.810292,10000,0,9999,0,false,
Idle,All,111,0,44.821583,10000,0,9999,0,false,
Idle,All,112,0,40.801000,10000,0,9999,0,false,
Idle,All,113,0,38.740166,10000,0,9999,0,false,
Idle,All,114,0,39.088667,10000,0,9999,0,false,
Idle,All,115,0,43.531458,10000,0,9999,0,false,
Idle,All,116,0,39.807792,10000,0,9999,0,false,
Idle,All,117,0,39.017083,10000,0,9999,0,false,
Idle,All,118,0,38.494125,10000,0,9999,0,false,
Idle,All,119,0,38.322250,10000,0,9999,0,false,
Idle,Virtual,0,0,0.251542,37,0,36,0,false,
Idle,Virtual,1,0,0.202125,37,0,36,0,false,
Idle,Virtual,2,0,0.240875,37,0,36,0,false,
Idle,Virtual,3,0,0.233917,37,0,36,0,false,
Idle,Virtual,4,0,0.192500,37,0,36,0,false,
Idle,Virtual,5,0,0.226416,37,0,36,0,false,
Idle,Virtual,6,0,0.237792,37,0,36,0,false,
Idle,Virtual,7,0,0.196208,37,0,36,0,false,
Idle,Virtual,8,0,0.227000,37,0,36,0,false,
Idle,Virtual,9,0,0.224917,37,0,36,0,false,
Idle,Virtual,10,0,0.195542,37,0,36,0,false,
Idle,Virtual,11,0,0.247000,37,0,36,0,false,
Idle,Virtual,12,0,0.241500,37,0,36,0,false,
Idle,Virtual,13,0,0.196709,37,0,36,0,false,
Idle,Virtual,14,0,0.234041,37,0,36,0,false,
Idle,Virtual,15,0,0.246250,37,0,36,0,false,
Idle,Virtual,16,0,0.184000,37,0,36,0,false,
Idle,Virtual,17,0,0.232500,37,0,36,0,false,
Idle,Virtual,18,0,0.225125,37,0,36,0,false,
Idle,Virtual,19,0,0.191708,37,0,36,0,false,
Idle,Virtual,20,0,0.246958,37,0,36,0,false,
Idle,Virtual,21,0,0.234750,37,0,36,0,false,
Idle,Virtual,22,0,0.197667,37,0,36,0,false,
Idle,Virtual,23,0,0.260583,37,0,36,0,false,
Idle,Virtual,24,0,0.228458,37,0,36,0,false,
Idle,Virtual,25,0,0.200166,37,0,36,0,false,
Idle,Virtual,26,0,0.244291,37,0,36,0,false,
Idle,Virtual,27,0,0.240208,37,0,36,0,false,
Idle,Virtual,28,0,0.191917,37,0,36,0,false,
Idle,Virtual,29,0,0.252250,37,0,36,0,false,
Idle,Virtual,30,0,0.221084,37,0,36,0,false,
Idle,Virtual,31,0,0.200416,37,0,36,0,false,
Idle,Virtual,32,0,0.258666,37,0,36,0,false,
Idle,Virtual,33,0,0.233417,37,0,36,0,false,
Idle,Virtual,34,0,0.199167,37,0,36,0,false,
Idle,Virtual,35,0,0.252583,37,0,36,0,false,
Idle,Virtual,36,0,0.226250,37,0,36,0,false,
Idle,Virtual,37,0,0.193708,37,0,36,0,false,
Idle,Virtual,38,0,0.240250,37,0,36,0,false,
Idle,Virtual,39,0,0.251208,37,0,36,0,false,
Idle,Virtual,40,0,0.214417,37,0,36,0,false,
Idle,Virtual,41,0,0.233750,37,0,36,0,false,
Idle,Virtual,42,0,0.216292,37,0,36,0,false,
Idle,Virtual,43,0,0.197792,37,0,36,0,false,
Idle,Virtual,44,0,0.243083,37,0,36,0,false,
Idle,Virtual,45,0,0.228667,37,0,36,0,false,
Idle,Virtual,46,0,0.196334,37,0,36,0,false,
Idle,Virtual,47,0,0.226625,37,0,36,0,false,
Idle,Virtual,48,0,0.237416,37,0,36,0,false,
Idle,Virtual,49,0,0.204500,37,0,36,0,false,
Idle,Virtual,50,0,0.229125,37,0,36,0,false,
Idle,Virtual,51,0,0.219458,37,0,36,0,false,
Idle,Virtual,52,0,0.198208,37,0,36,0,false,
Idle,Virtual,53,0,0.216125,37,0,36,0,false,
Idle,Virtual,54,0,0.231125,37,0,36,0,false,
Idle,Virtual,55,0,0.192458,37,0,36,0,false,
Idle,Virtual,56,0,0.229000,37,0,36,0,false,
Idle,Virtual,57,0,0.233417,37,0,36,0,false,
Idle,Virtual,58,0,0.200333,37,0,36,0,false,
Idle,Virtual,59,0,0.226667,37,0,36,0,false,
Idle,Virtual,60,0,0.241041,37,0,36,0,false,
Idle,Virtual,61,0,0.198291,37,0,36,0,false,
Idle,Virtual,62,0,0.236917,37,0,36,0,false,
Idle,Virtual,63,0,0.216292,37,0,36,0,false,
Idle,Virtual,64,0,0.190792,37,0,36,0,false,
Idle,Virtual,65,0,0.230708,37,0,36,0,false,
Idle,Virtual,66,0,0.229375,37,0,36,0,false,
Idle,Virtual,67,0,0.195292,37,0,36,0,false,
Idle,Virtual,68,0,0.224625,37,0,36,0,false,
Idle,Virtual,69,0,0.226000,37,0,36,0,false,
Idle,Virtual,70,0,0.192375,37,0,36,0,false,
Idle,Virtual,71,0,0.225542,37,0,36,0,false,
Idle,Virtual,72,0,0.227167,37,0,36,0,false,
Idle,Virtual,73,0,0.220792,37,0,36,0,false,
Idle,Virtual,74,0,0.246917,37,0,36,0,false,
Idle,Virtual,75,0,0.231292,37,0,36,0,false,
Idle,Virtual,76,0,0.194583,37,0,36,0,false,
Idle,Virtual,77,0,0.244709,37,0,36,0,false,
Idle,Virtual,78,0,0.223875,37,0,36,0,false,
Idle,Virtual,79,0,0.194083,37,0,36,0,false,
Idle,Virtual,80,0,0.242750,37,0,36,0,false,
Idle,Virtual,81,0,0.226209,37,0,36,0,false,
Idle,Virtual,82,0,0.196000,37,0,36,0,false,
Idle,Virtual,83,0,0.235125,37,0,36,0,false,
Idle,Virtual,84,0,0.220000,37,0,36,0,false,
Idle,Virtual,85,0,0.189791,37,0,36,0,false,
Idle,Virtual,86,0,0.221667,37,0,36,0,false,
Idle,Virtual,87,0,0.220667,37,0,36,0,false,
Idle,Virtual,88,0,0.189417,37,0,36,0,false,
Idle,Virtual,89,0,0.235833,37,0,36,0,false,
Idle,Virtual,90,0,0.255167,37,0,36,0,false,
Idle,Virtual,91,0,0.194917,37,0,36,0,false,
Idle,Virtual,92,0,0.231375,37,0,36,0,false,
Idle,Virtual,93,0,0.235292,37,0,36,0,false,
Idle,Virtual,94,0,0.194334,37,0,36,0,false,
Idle,Virtual,95,0,0.234375,37,0,36,0,false,
Idle,Virtual,96,0,0.224584,37,0,36,0,false,
Idle,Virtual,97,0,0.194291,37,0,36,0,false,
Idle,Virtual,98,0,0.234584,37,0,36,0,false,
Idle,Virtual,99,0,0.244250,37,0,36,0,false,
Idle,Virtual,100,0,0.195833,37,0,36,0,false,
Idle,Virtual,101,0,0.257125,37,0,36,0,false,
Idle,Virtual,102,0,0.223041,37,0,36,0,false,
Idle,Virtual,103,0,0.199083,37,0,36,0,false,
Idle,Virtual,104,0,0.228000,37,0,36,0,false,
Idle,Virtual,105,0,0.223792,37,0,36,0,false,
Idle,Virtual,106,0,0.194875,37,0,36,0,false,
Idle,Virtual,107,0,0.224709,37,0,36,0,false,
Idle,Virtual,108,0,0.231000,37,0,36,0,false,
Idle,Virtual,109,0,0.198209,37,0,36,0,false,
Idle,Virtual,110,0,0.242375,37,0,36,0,false,
Idle,Virtual,111,0,0.232458,37,0,36,0,false,
Idle,Virtual,112,0,0.194125,37,0,36,0,false,
Idle,Virtual,113,0,0.248917,37,0,36,0,false,
Idle,Virtual,114,0,0.227250,37,0,36,0,false,
Idle,Virtual,115,0,0.194958,37,0,36,0,false,
Idle,Virtual,116,0,0.255500,37,0,36,0,false,
Idle,Virtual,117,0,0.228208,37,0,36,0,false,
Idle,Virtual,118,0,0.195334,37,0,36,0,false,
Idle,Virtual,119,0,0.236750,37,0,36,0,false,
Idle,Plain,0,0,0.126000,37,0,36,0,false,
Idle,Plain,1,0,0.103708,37,0,36,0,false,
Idle,Plain,2,0,0.123375,37,0,36,0,false,
Idle,Plain,3,0,0.116833,37,0,36,0,false,
Idle,Plain,4,0,0.104000,37,0,36,0,false,
Idle,Plain,5,0,0.118875,37,0,36,0,false,
Idle,Plain,6,0,0.111375,37,0,36,0,false,
Idle,Plain,7,0,0.104250,37,0,36,0,false,
Idle,Plain,8,0,0.116667,37,0,36,0,false,
Idle,Plain,9,0,0.114667,37,0,36,0,false,
Idle,Plain,10,0,0.105125,37,0,36,0,false,
Idle,Plain,11,0,0.122000,37,0,36,0,false,
Idle,Plain,12,0,0.114458,37,0,36,0,false,
Idle,Plain,13,0,0.104792,37,0,36,0,false,
Idle,Plain,14,0,0.129583,37,0,36,0,false,
Idle,Plain,15,0,0.122917,37,0,36,0,false,
Idle,Plain,16,0,0.105541,37,0,36,0,false,
Idle,Plain,17,0,0.119459,37,0,36,0,false,
Idle,Plain,18,0,0.106875,37,0,36,0,false,
Idle,Plain,19,0,0.102334,37,0,36,0,false,
Idle,Plain,20,0,0.112750,37,0,36,0,false,
Idle,Plain,21,0,0.115500,37,0,36,0,false,
Idle,Plain,22,0,0.100833,37,0,36,0,false,
Idle,Plain,23,0,0.117333,37,0,36,0,false,
Idle,Plain,24,0,0.115333,37,0,36,0,false,
Idle,Plain,25,0,0.100875,37,0,36,0,false,
Idle,Plain,26,0,0.116375,37,0,36,0,false,
Idle,Plain,27,0,0.114292,37,0,36,0,false,
Idle,Plain,28,0,0.104208,37,0,36,0,false,
Idle,Plain,29,0,0.128208,37,0,36,0,false,
Idle,Plain,30,0,0.127084,37,0,36,0,false,
Idle,Plain,31,0,0.102416,37,0,36,0,false,
Idle,Plain,32,0,0.140125,37,0,36,0,false,
Idle,Plain,33,0,0.116833,37,0,36,0,false,
Idle,Plain,34,0,0.102167,37,0,36,0,false,
Idle,Plain,35,0,0.122750,37,0,36,0,false,
Idle,Plain,36,0,0.112708,37,0,36,0,false,
Idle,Plain,37,0,0.102583,37,0,36,0,false,
Idle,Plain,38,0,0.128958,37,0,36,0,false,
Idle,Plain,39,0,0.117584,37,0,36,0,false,
Idle,Plain,40,0,0.121208,37,0,36,0,false,
Idle,Plain,41,0,0.126292,37,0,36,0,false,
Idle,Plain,42,0,0.116791,37,0,36,0,false,
Idle,Plain,43,0,0.100791,37,0,36,0,false,
Idle,Plain,44,0,0.126500,37,0,36,0,false,
Idle,Plain,45,0,0.109208,37,0,36,0,false,
Idle,Plain,46,0,0.105458,37,0,36,0,false,
Idle,Plain,47,0,0.115417,37,0,36,0,false,
Idle,Plain,48,0,0.107083,37,0,36,0,false,
Idle,Plain,49,0,0.103833,37,0,36,0,false,
Idle,Plain,50,0,0.118167,37,0,36,0,false,
Idle,Plain,51,0,0.109959,37,0,36,0,false,
Idle,Plain,52,0,0.100750,37,0,36,0,false,
Idle,Plain,53,0,0.118208,37,0,36,0,false,
Idle,Plain,54,0,0.114292,37,0,36,0,false,
Idle,Plain,55,0,0.104375,37,0,36,0,false,
Idle,Plain,56,0,0.116209,37,0,36,0,false,
Idle,Plain,57,0,0.122625,37,0,36,0,false,
Idle,Plain,58,0,0.102250,37,0,36,0,false,
Idle,Plain,59,0,0.115041,37,0,36,0,false,
Idle,Plain,60,0,0.122084,37,0,36,0,false,
Idle,Plain,61,0,0.105625,37,0,36,0,false,
Idle,Plain,62,0,0.127625,37,0,36,0,false,
Idle,Plain,63,0,0.114958,37,0,36,0,false,
Idle,Plain,64,0,0.102167,37,0,36,0,false,
Idle,Plain,65,0,0.129083,37,0,36,0,false,
Idle,Plain,66,0,0.118500,37,0,36,0,false,
Idle,Plain,67,0,0.102917,37,0,36,0,false,
Idle,Plain,68,0,0.115458,37,0,36,0,false,
Idle,Plain,69,0,0.109708,37,0,36,0,false,
Idle,Plain,70,0,0.102042,37,0,36,0,false,
Idle,Plain,71,0,0.126750,37,0,36,0,false,
Idle,Plain,72,0,0.112584,37,0,36,0,false,
Idle,Plain,73,0,0.118500,37,0,36,0,false,
Idle,Plain,74,0,0.171875,37,0,36,0,false,
Idle,Plain,75,0,0.117834,37,0,36,0,false,
Idle,Plain,76,0,0.104333,37,0,36,0,false,
Idle,Plain,77,0,0.119834,37,0,36,0,false,
Idle,Plain,78,0,0.117666,37,0,36,0,false,
Idle,Plain,79,0,0.105042,37,0,36,0,false,
Idle,Plain,80,0,0.122375,37,0,36,0,false,
Idle,Plain,81,0,0.111708,37,0,36,0,false,
Idle,Plain,82,0,0.104250,37,0,36,0,false,
Idle,Plain,83,0,0.117541,37,0,36,0,false,
Idle,Plain,84,0,0.114417,37,0,36,0,false,
Idle,Plain,85,0,0.103125,37,0,36,0,false,
Idle,Plain,86,0,0.117583,37,0,36,0,false,
Idle,Plain,87,0,0.111333,37,0,36,0,false,
Idle,Plain,88,0,0.103958,37,0,36,0,false,
Idle,Plain,89,0,0.108208,37,0,36,0,false,
Idle,Plain,90,0,0.126000,37,0,36,0,false,
Idle,Plain,91,0,0.104833,37,0,36,0,false,
Idle,Plain,92,0,0.116667,37,0,36,0,false,
Idle,Plain,93,0,0.112250,37,0,36,0,false,
Idle,Plain,94,0,0.103917,37,0,36,0,false,
Idle,Plain,95,0,0.115375,37,0,36,0,false,
Idle,Plain,96,0,0.109625,37,0,36,0,false,
Idle,Plain,97,0,0.105000,37,0,36,0,false,
Idle,Plain,98,0,0.116167,37,0,36,0,false,
Idle,Plain,99,0,0.112250,37,0,36,0,false,
Idle,Plain,100,0,0.102083,37,0,36,0,false,
Idle,Plain,101,0,0.120500,37,0,36,0,false,
Idle,Plain,102,0,0.128750,37,0,36,0,false,
Idle,Plain,103,0,0.101458,37,0,36,0,false,
Idle,Plain,104,0,0.117458,37,0,36,0,false,
Idle,Plain,105,0,0.111583,37,0,36,0,false,
Idle,Plain,106,0,0.120000,37,0,36,0,false,
Idle,Plain,107,0,0.119416,37,0,36,0,false,
Idle,Plain,108,0,0.103792,37,0,36,0,false,
Idle,Plain,109,0,0.103333,37,0,36,0,false,
Idle,Plain,110,0,0.106750,37,0,36,0,false,
Idle,Plain,111,0,0.115125,37,0,36,0,false,
Idle,Plain,112,0,0.098292,37,0,36,0,false,
Idle,Plain,113,0,0.126042,37,0,36,0,false,
Idle,Plain,114,0,0.118292,37,0,36,0,false,
Idle,Plain,115,0,0.103708,37,0,36,0,false,
Idle,Plain,116,0,0.124000,37,0,36,0,false,
Idle,Plain,117,0,0.125834,37,0,36,0,false,
Idle,Plain,118,0,0.104917,37,0,36,0,false,
Idle,Plain,119,0,0.125667,37,0,36,0,false,
Scroll,All,0,0,38.963125,10000,0,9999,0,false,
Scroll,All,1,0,39.112458,10000,0,9999,0,false,
Scroll,All,2,0,39.044459,10000,0,9999,0,false,
Scroll,All,3,0,39.320791,10000,0,9999,0,false,
Scroll,All,4,0,39.127167,10000,0,9999,0,false,
Scroll,All,5,0,39.161458,10000,0,9999,0,false,
Scroll,All,6,0,43.147875,10000,0,9999,0,false,
Scroll,All,7,0,40.097042,10000,0,9999,0,false,
Scroll,All,8,0,39.073459,10000,0,9999,0,false,
Scroll,All,9,0,39.249041,10000,0,9999,0,false,
Scroll,All,10,0,42.365250,10000,0,9999,0,false,
Scroll,All,11,0,40.321167,10000,0,9999,0,false,
Scroll,All,12,0,39.082125,10000,0,9999,0,false,
Scroll,All,13,0,38.937416,10000,0,9999,0,false,
Scroll,All,14,0,38.892709,10000,0,9999,0,false,
Scroll,All,15,0,38.722834,10000,0,9999,0,false,
Scroll,All,16,0,39.321666,10000,0,9999,0,false,
Scroll,All,17,0,39.031000,10000,0,9999,0,false,
Scroll,All,18,0,39.326666,10000,0,9999,0,false,
Scroll,All,19,0,40.047792,10000,0,9999,0,false,
Scroll,All,20,0,39.048583,10000,0,9999,0,false,
Scroll,All,21,0,38.694875,10000,0,9999,0,false,
Scroll,All,22,0,39.465500,10000,0,9999,0,false,
Scroll,All,23,0,39.486041,10000,0,9999,0,false,
Scroll,All,24,0,39.349042,10000,0,9999,0,false,
Scroll,All,25,0,39.828709,10000,0,9999,0,false,
Scroll,All,26,0,38.622458,10000,0,9999,0,false,
Scroll,All,27,0,38.769916,10000,0,9999,0,false,
Scroll,All,28,0,39.581292,10000,0,9999,0,false,
Scroll,All,29,0,38.391834,10000,0,9999,0,false,
Scroll,All,30,0,39.248875,10000,0,9999,0,false,
Scroll,All,31,0,41.989208,10000,0,9999,0,false,
Scroll,All,32,0,39.676042,10000,0,9999,0,false,
Scroll,All,33,0,39.096042,10000,0,9999,0,false,
Scroll,All,34,0,38.722000,10000,0,9999,0,false,
Scroll,All,35,0,46.889708,10000,0,9999,0,false,
Scroll,All,36,0,41.577250,10000,0,9999,0,false,
Scroll,All,37,0,39.478042,10000,0,9999,0,false,
Scroll,All,38,0,39.361542,10000,0,9999,0,false,
Scroll,All,39,0,38.722875,10000,0,9999,0,false,
Scroll,All,40,0,39.193375,10000,0,9999,0,false,
Scroll,All,41,0,39.339125,10000,0,9999,0,false,
Scroll,All,42,0,39.306875,10000,0,9999,0,false,
Scroll,All,43,0,40.300875,10000,0,9999,0,false,
Scroll,All,44,0,40.272542,10000,0,9999,0,false,
Scroll,All,45,0,38.805417,10000,0,9999,0,false,
Scroll,All,46,0,39.133000,10000,0,9999,0,false,
Scroll,All,47,0,38.738458,10000,0,9999,0,false,
Scroll,All,48,0,39.055125,10000,0,9999,0,false,
Scroll,All,49,0,38.909959,10000,0,9999,0,false,
Scroll,All,50,0,39.657000,10000,0,9999,0,false,
Scroll,All,51,0,38.472250,10000,0,9999,0,false,
Scroll,All,52,0,39.083417,10000,0,9999,0,false,
Scroll,All,53,0,39.364000,10000,0,9999,0,false,
Scroll,All,54,0,38.674708,10000,0,9999,0,false,
Scroll,All,55,0,39.926625,10000,0,9999,0,false,
Scroll,All,56,0,42.824625,10000,0,9999,0,false,
Scroll,All,57,0,39.846834,10000,0,9999,0,false,
Scroll,All,58,0,39.334125,10000,0,9999,0,false,
Scroll,All,59,0,38.577834,10000,0,9999,0,false,
Scroll,All,60,0,42.450875,10000,0,9999,0,false,
Scroll,All,61,0,40.374125,10000,0,9999,0,false,
Scroll,All,62,0,39.334959,10000,0,9999,0,false,
Scroll,All,63,0,38.893125,10000,0,9999,0,false,
Scroll,All,64,0,38.767542,10000,0,9999,0,false,
Scroll,All,65,0,38.689708,10000,0,9999,0,false,
Scroll,All,66,0,38.972917,10000,0,9999,0,false,
Scroll,All,67,0,39.188458,10000,0,9999,0,false,
Scroll,All,68,0,39.041708,10000,0,9999,0,false,
Scroll,All,69,0,40.171417,10000,0,9999,0,false,
Scroll,All,70,0,39.437666,10000,0,9999,0,false,
Scroll,All,71,0,38.964708,10000,0,9999,0,false,
Scroll,All,72,0,39.153042,10000,0,9999,0,false,
Scroll,All,73,0,40.100708,10000,0,9999,0,false,
Scroll,All,74,0,39.473959,10000,0,9999,0,false,
Scroll,All,75,0,39.418000,10000,0,9999,0,false,
Scroll,All,76,0,39.170500,10000,0,9999,0,false,
Scroll,All,77,0,39.665833,10000,0,9999,0,false,
Scroll,All,78,0,39.483375,10000,0,9999,0,false,
Scroll,All,79,0,40.362166,10000,0,9999,0,false,
Scroll,All,80,0,41.073875,10000,0,9999,0,false,
Scroll,All,81,0,41.060417,10000,0,9999,0,false,
Scroll,All,82,0,39.591792,10000,0,9999,0,false,
Scroll,All,83,0,39.216125,10000,0,9999,0,false,
Scroll,All,84,0,39.082083,10000,0,9999,0,false,
Scroll,All,85,0,42.920083,10000,0,9999,0,false,
Scroll,All,86,0,40.342542,10000,0,9999,0,false,
Scroll,All,87,0,39.130417,10000,0,9999,0,false,
Scroll,All,88,0,38.521917,10000,0,9999,0,false,
Scroll,All,89,0,38.443042,10000,0,9999,0,false,
Scroll,All,90,0,39.421458,10000,0,9999,0,false,
Scroll,All,91,0,38.963875,10000,0,9999,0,false,
Scroll,All,92,0,39.201375,10000,0,9999,0,false,
Scroll,All,93,0,39.431625,10000,0,9999,0,false,
Scroll,All,94,0,40.055292,10000,0,9999,0,false,
Scroll,All,95,0,38.469541,10000,0,9999,0,false,
Scroll,All,96,0,38.958291,10000,0,9999,0,false,
Scroll,All,97,0,39.400166,10000,0,9999,0,false,
Scroll,All,98,0,40.207667,10000,0,9999,0,false,
Scroll,All,99,0,39.006625,10000,0,9999,0,false,
Scroll,All,100,0,39.424166,10000,0,9999,0,false,
Scroll,All,101,0,39.040541,10000,0,9999,0,false,
Scroll,All,102,0,39.009542,10000,0,9999,0,false,
Scroll,All,103,0,39.584250,10000,0,9999,0,false,
Scroll,All,104,0,39.564625,10000,0,9999,0,false,
Scroll,All,105,0,40.532500,10000,0,9999,0,false,
Scroll,All,106,0,41.285208,10000,0,9999,0,false,
Scroll,All,107,0,39.466458,10000,0,9999,0,false,
Scroll,All,108,0,39.522625,10000,0,9999,0,false,
Scroll,All,109,0,39.344500,10000,0,9999,0,false,
Scroll,All,110,0,43.369459,10000,0,9999,0,false,
Scroll,All,111,0,40.743459,10000,0,9999,0,false,
Scroll,All,112,0,40.801833,10000,0,9999,0,false,
Scroll,All,113,0,42.199292,10000,0,9999,0,false,
Scroll,All,114,0,39.701125,10000,0,9999,0,false,
Scroll,All,115,0,39.533416,10000,0,9999,0,false,
Scroll,All,116,0,39.219000,10000,0,9999,0,false,
Scroll,All,117,0,39.622458,10000,0,9999,0,false,
Scroll,All,118,0,39.200250,10000,0,9999,0,false,
Scroll,All,119,0,39.889250,10000,0,9999,0,false,
Scroll,Virtual,0,0,0.244792,37,0,36,0,false,
Scroll,Virtual,1,0,0.630750,37,1,37,37,false,Taffy recalculation;Taffy recalculation;Taffy recalculation;Taffy recalculation;Taffy recalculation;Taffy recalculation;Taffy recalculation;Taffy recalculation;Taffy recalculation;Taffy recalculation;Taffy recalculation;Taffy recalculation;Taffy recalculation;Taffy recalculation;Taffy recalculation;Taffy recalculation;Taffy recalculation;Taffy recalculation;Taffy recalculation;Taffy recalculation;Taffy recalculation;Taffy recalculation;Taffy recalculation;Taffy recalculation;Taffy recalculation;Taffy recalculation;Taffy recalculation;Taffy recalculation;Taffy recalculation;Taffy recalculation;Taffy recalculation;Taffy recalculation;Taffy recalculation;Taffy recalculation;Taffy recalculation;Taffy recalculation;Taffy recalculation
Scroll,Virtual,1,1,0.630750,37,2,38,37,false,Taffy recalculation;Taffy recalculation;Taffy recalculation;Taffy recalculation;Taffy recalculation;Taffy recalculation;Taffy recalculation;Taffy recalculation;Taffy recalculation;Taffy recalculation;Taffy recalculation;Taffy recalculation;Taffy recalculation;Taffy recalculation;Taffy recalculation;Taffy recalculation;Taffy recalculation;Taffy recalculation;Taffy recalculation;Taffy recalculation;Taffy recalculation;Taffy recalculation;Taffy recalculation;Taffy recalculation;Taffy recalculation;Taffy recalculation;Taffy recalculation;Taffy recalculation;Taffy recalculation;Taffy recalculation;Taffy recalculation;Taffy recalculation;Taffy recalculation;Taffy recalculation;Taffy recalculation;Taffy recalculation;Taffy recalculation
Scroll,Virtual,1,2,0.630750,37,2,38,0,false,
Scroll,Virtual,2,0,0.248500,37,2,38,0,false,
Scroll,Virtual,3,0,0.721167,37,3,39,37,false,Taffy recalculation;Taffy recalculation;Taffy recalculation;Taffy recalculation;Taffy recalculation;Taffy recalculation;Taffy recalculation;Taffy recalculation;Taffy recalculation;Taffy recalculation;Taffy recalculation;Taffy recalculation;Taffy recalculation;Taffy recalculation;Taffy recalculation;Taffy recalculation;Taffy recalculation;Taffy recalculation;Taffy recalculation;Taffy recalculation;Taffy recalculation;Taffy recalculation;Taffy recalculation;Taffy recalculation;Taffy recalculation;Taffy recalculation;Taffy recalculation;Taffy recalculation;Taffy recalculation;Taffy recalculation;Taffy recalculation;Taffy recalculation;Taffy recalculation;Taffy recalculation;Taffy recalculation;Taffy recalculation;Taffy recalculation
Scroll,Virtual,3,1,0.721167,37,4,40,37,false,Taffy recalculation;Taffy recalculation;Taffy recalculation;Taffy recalculation;Taffy recalculation;Taffy recalculation;Taffy recalculation;Taffy recalculation;Taffy recalculation;Taffy recalculation;Taffy recalculation;Taffy recalculation;Taffy recalculation;Taffy recalculation;Taffy recalculation;Taffy recalculation;Taffy recalculation;Taffy recalculation;Taffy recalculation;Taffy recalculation;Taffy recalculation;Taffy recalculation;Taffy recalculation;Taffy recalculation;Taffy recalculation;Taffy recalculation;Taffy recalculation;Taffy recalculation;Taffy recalculation;Taffy recalculation;Taffy recalculation;Taffy recalculation;Taffy recalculation;Taffy recalculation;Taffy recalculation;Taffy recalculation;Taffy recalculation
Scroll,Virtual,3,2,0.721167,37,4,40,0,false,
Scroll,Virtual,4,0,0.199750,37,4,40,0,false,
Scroll,Virtual,5,0,0.685125,37,5,41,37,false,Taffy recalculation;Taffy recalculation;Taffy recalculation;Taffy recalculation;Taffy recalculation;Taffy recalculation;Taffy recalculation;Taffy recalculation;Taffy recalculation;Taffy recalculation;Taffy recalculation;Taffy recalculation;Taffy recalculation;Taffy recalculation;Taffy recalculation;Taffy recalculation;Taffy recalculation;Taffy recalculation;Taffy recalculation;Taffy recalculation;Taffy recalculation;Taffy recalculation;Taffy recalculation;Taffy recalculation;Taffy recalculation;Taffy recalculation;Taffy recalculation;Taffy recalculation;Taffy recalculation;Taffy recalculation;Taffy recalculation;Taffy recalculation;Taffy recalculation;Taffy recalculation;Taffy recalculation;Taffy recalculation;Taffy recalculation
Scroll,Virtual,5,1,0.685125,37,6,42,37,false,Taffy recalculation;Taffy recalculation;Taffy recalculation;Taffy recalculation;Taffy recalculation;Taffy recalculation;Taffy recalculation;Taffy recalculation;Taffy recalculation;Taffy recalculation;Taffy recalculation;Taffy recalculation;Taffy recalculation;Taffy recalculation;Taffy recalculation;Taffy recalculation;Taffy recalculation;Taffy recalculation;Taffy recalculation;Taffy recalculation;Taffy recalculation;Taffy recalculation;Taffy recalculation;Taffy recalculation;Taffy recalculation;Taffy recalculation;Taffy recalculation;Taffy recalculation;Taffy recalculation;Taffy recalculation;Taffy recalculation;Taffy recalculation;Taffy recalculation;Taffy recalculation;Taffy recalculation;Taffy recalculation;Taffy recalculation
Scroll,Virtual,5,2,0.685125,37,6,42,0,false,
Scroll,Virtual,6,0,0.269167,37,6,42,0,false,
Scroll,Virtual,7,0,0.612500,37,7,43,37,false,Taffy recalculation;Taffy recalculation;Taffy recalculation;Taffy recalculation;Taffy recalculation;Taffy recalculation;Taffy recalculation;Taffy recalculation;Taffy recalculation;Taffy recalculation;Taffy recalculation;Taffy recalculation;Taffy recalculation;Taffy recalculation;Taffy recalculation;Taffy recalculation;Taffy recalculation;Taffy recalculation;Taffy recalculation;Taffy recalculation;Taffy recalculation;Taffy recalculation;Taffy recalculation;Taffy recalculation;Taffy recalculation;Taffy recalculation;Taffy recalculation;Taffy recalculation;Taffy recalculation;Taffy recalculation;Taffy recalculation;Taffy recalculation;Taffy recalculation;Taffy recalculation;Taffy recalculation;Taffy recalculation;Taffy recalculation
Scroll,Virtual,7,1,0.612500,37,8,44,37,false,Taffy recalculation;Taffy recalculation;Taffy recalculation;Taffy recalculation;Taffy recalculation;Taffy recalculation;Taffy recalculation;Taffy recalculation;Taffy recalculation;Taffy recalculation;Taffy recalculation;Taffy recalculation;Taffy recalculation;Taffy recalculation;Taffy recalculation;Taffy recalculation;Taffy recalculation;Taffy recalculation;Taffy recalculation;Taffy recalculation;Taffy recalculation;Taffy recalculation;Taffy recalculation;Taffy recalculation;Taffy recalculation;Taffy recalculation;Taffy recalculation;Taffy recalculation;Taffy recalculation;Taffy recalculation;Taffy recalculation;Taffy recalculation;Taffy recalculation;Taffy recalculation;Taffy recalculation;Taffy recalculation;Taffy recalculation
Scroll,Virtual,7,2,0.612500,37,8,44,0,false,
Scroll,Virtual,8,0,0.277500,37,8,44,0,false,
Scroll,Virtual,9,0,0.661667,37,9,45,37,false,Taffy recalculation;Taffy recalculation;Taffy recalculation;Taffy recalculation;Taffy recalculation;Taffy recalculation;Taffy recalculation;Taffy recalculation;Taffy recalculation;Taffy recalculation;Taffy recalculation;Taffy recalculation;Taffy recalculation;Taffy recalculation;Taffy recalculation;Taffy recalculation;Taffy recalculation;Taffy recalculation;Taffy recalculation;Taffy recalculation;Taffy recalculation;Taffy recalculation;Taffy recalculation;Taffy recalculation;Taffy recalculation;Taffy recalculation;Taffy recalculation;Taffy recalculation;Taffy recalculation;Taffy recalculation;Taffy recalculation;Taffy recalculation;Taffy recalculation;Taffy recalculation;Taffy recalculation;Taffy recalculation;Taffy recalculation
Scroll,Virtual,9,1,0.661667,37,10,46,37,false,Taffy recalculation;Taffy recalculation;Taffy recalculation;Taffy recalculation;Taffy recalculation;Taffy recalculation;Taffy recalculation;Taffy recalculation;Taffy recalculation;Taffy recalculation;Taffy recalculation;Taffy recalculation;Taffy recalculation;Taffy recalculation;Taffy recalculation;Taffy recalculation;Taffy recalculation;Taffy recalculation;Taffy recalculation;Taffy recalculation;Taffy recalculation;Taffy recalculation;Taffy recalculation;Taffy recalculation;Taffy recalculation;Taffy recalculation;Taffy recalculation;Taffy recalculation;Taffy recalculation;Taffy recalculation;Taffy recalculation;Taffy recalculation;Taffy recalculation;Taffy recalculation;Taffy recalculation;Taffy recalculation;Taffy recalculation
Scroll,Virtual,9,2,0.661667,37,10,46,0,false,
Scroll,Virtual,10,0,0.190834,37,10,46,0,false,
Scroll,Virtual,11,0,0.688041,37,11,47,37,false,Taffy recalculation;Taffy recalculation;Taffy recalculation;Taffy recalculation;Taffy recalculation;Taffy recalculation;Taffy recalculation;Taffy recalculation;Taffy recalculation;Taffy recalculation;Taffy recalculation;Taffy recalculation;Taffy recalculation;Taffy recalculation;Taffy recalculation;Taffy recalculation;Taffy recalculation;Taffy recalculation;Taffy recalculation;Taffy recalculation;Taffy recalculation;Taffy recalculation;Taffy recalculation;Taffy recalculation;Taffy recalculation;Taffy recalculation;Taffy recalculation;Taffy recalculation;Taffy recalculation;Taffy recalculation;Taffy recalculation;Taffy recalculation;Taffy recalculation;Taffy recalculation;Taffy recalculation;Taffy recalculation;Taffy recalculation
Scroll,Virtual,11,1,0.688041,37,12,48,37,false,Taffy recalculation;Taffy recalculation;Taffy recalculation;Taffy recalculation;Taffy recalculation;Taffy recalculation;Taffy recalculation;Taffy recalculation;Taffy recalculation;Taffy recalculation;Taffy recalculation;Taffy recalculation;Taffy recalculation;Taffy recalculation;Taffy recalculation;Taffy recalculation;Taffy recalculation;Taffy recalculation;Taffy recalculation;Taffy recalculation;Taffy recalculation;Taffy recalculation;Taffy recalculation;Taffy recalculation;Taffy recalculation;Taffy recalculation;Taffy recalculation;Taffy recalculation;Taffy recalculation;Taffy recalculation;Taffy recalculation;Taffy recalculation;Taffy recalculation;Taffy recalculation;Taffy recalculation;Taffy recalculation;Taffy recalculation
Scroll,Virtual,11,2,0.688041,37,12,48,0,false,
Scroll,Virtual,12,0,0.227500,37,12,48,0,false,
Scroll,Virtual,13,0,0.627375,37,13,49,37,false,Taffy recalculation;Taffy recalculation;Taffy recalculation;Taffy recalculation;Taffy recalculation;Taffy recalculation;Taffy recalculation;Taffy recalculation;Taffy recalculation;Taffy recalculation;Taffy recalculation;Taffy recalculation;Taffy recalculation;Taffy recalculation;Taffy recalculation;Taffy recalculation;Taffy recalculation;Taffy recalculation;Taffy recalculation;Taffy recalculation;Taffy recalculation;Taffy recalculation;Taffy recalculation;Taffy recalculation;Taffy recalculation;Taffy recalculation;Taffy recalculation;Taffy recalculation;Taffy recalculation;Taffy recalculation;Taffy recalculation;Taffy recalculation;Taffy recalculation;Taffy recalculation;Taffy recalculation;Taffy recalculation;Taffy recalculation
Scroll,Virtual,13,1,0.627375,37,14,50,37,false,Taffy recalculation;Taffy recalculation;Taffy recalculation;Taffy recalculation;Taffy recalculation;Taffy recalculation;Taffy recalculation;Taffy recalculation;Taffy recalculation;Taffy recalculation;Taffy recalculation;Taffy recalculation;Taffy recalculation;Taffy recalculation;Taffy recalculation;Taffy recalculation;Taffy recalculation;Taffy recalculation;Taffy recalculation;Taffy recalculation;Taffy recalculation;Taffy recalculation;Taffy recalculation;Taffy recalculation;Taffy recalculation;Taffy recalculation;Taffy recalculation;Taffy recalculation;Taffy recalculation;Taffy recalculation;Taffy recalculation;Taffy recalculation;Taffy recalculation;Taffy recalculation;Taffy recalculation;Taffy recalculation;Taffy recalculation
Scroll,Virtual,13,2,0.627375,37,14,50,0,false,
Scroll,Virtual,14,0,0.236458,37,14,50,0,false,
Scroll,Virtual,15,0,0.677583,37,15,51,37,false,Taffy recalculation;Taffy recalculation;Taffy recalculation;Taffy recalculation;Taffy recalculation;Taffy recalculation;Taffy recalculation;Taffy recalculation;Taffy recalculation;Taffy recalculation;Taffy recalculation;Taffy recalculation;Taffy recalculation;Taffy recalculation;Taffy recalculation;Taffy recalculation;Taffy recalculation;Taffy recalculation;Taffy recalculation;Taffy recalculation;Taffy recalculation;Taffy recalculation;Taffy recalculation;Taffy recalculation;Taffy recalculation;Taffy recalculation;Taffy recalculation;Taffy recalculation;Taffy recalculation;Taffy recalculation;Taffy recalculation;Taffy recalculation;Taffy recalculation;Taffy recalculation;Taffy recalculation;Taffy recalculation;Taffy recalculation
Scroll,Virtual,15,1,0.677583,37,16,52,37,false,Taffy recalculation;Taffy recalculation;Taffy recalculation;Taffy recalculation;Taffy recalculation;Taffy recalculation;Taffy recalculation;Taffy recalculation;Taffy recalculation;Taffy recalculation;Taffy recalculation;Taffy recalculation;Taffy recalculation;Taffy recalculation;Taffy recalculation;Taffy recalculation;Taffy recalculation;Taffy recalculation;Taffy recalculation;Taffy recalculation;Taffy recalculation;Taffy recalculation;Taffy recalculation;Taffy recalculation;Taffy recalculation;Taffy recalculation;Taffy recalculation;Taffy recalculation;Taffy recalculation;Taffy recalculation;Taffy recalculation;Taffy recalculation;Taffy recalculation;Taffy recalculation;Taffy recalculation;Taffy recalculation;Taffy recalculation
Scroll,Virtual,15,2,0.677583,37,16,52,0,false,
Scroll,Virtual,16,0,0.197125,37,16,52,0,false,
Scroll,Virtual,17,0,0.665875,37,17,53,37,false,Taffy recalculation;Taffy recalculation;Taffy recalculation;Taffy recalculation;Taffy recalculation;Taffy recalculation;Taffy recalculation;Taffy recalculation;Taffy recalculation;Taffy recalculation;Taffy recalculation;Taffy recalculation;Taffy recalculation;Taffy recalculation;Taffy recalculation;Taffy recalculation;Taffy recalculation;Taffy recalculation;Taffy recalculation;Taffy recalculation;Taffy recalculation;Taffy recalculation;Taffy recalculation;Taffy recalculation;Taffy recalculation;Taffy recalculation;Taffy recalculation;Taffy recalculation;Taffy recalculation;Taffy recalculation;Taffy recalculation;Taffy recalculation;Taffy recalculation;Taffy recalculation;Taffy recalculation;Taffy recalculation;Taffy recalculation
Scroll,Virtual,17,1,0.665875,37,18,54,37,false,Taffy recalculation;Taffy recalculation;Taffy recalculation;Taffy recalculation;Taffy recalculation;Taffy recalculation;Taffy recalculation;Taffy recalculation;Taffy recalculation;Taffy recalculation;Taffy recalculation;Taffy recalculation;Taffy recalculation;Taffy recalculation;Taffy recalculation;Taffy recalculation;Taffy recalculation;Taffy recalculation;Taffy recalculation;Taffy recalculation;Taffy recalculation;Taffy recalculation;Taffy recalculation;Taffy recalculation;Taffy recalculation;Taffy recalculation;Taffy recalculation;Taffy recalculation;Taffy recalculation;Taffy recalculation;Taffy recalculation;Taffy recalculation;Taffy recalculation;Taffy recalculation;Taffy recalculation;Taffy recalculation;Taffy recalculation
Scroll,Virtual,17,2,0.665875,37,18,54,0,false,
Scroll,Virtual,18,0,0.236125,37,18,54,0,false,
Scroll,Virtual,19,0,0.619791,37,19,55,37,false,Taffy recalculation;Taffy recalculation;Taffy recalculation;Taffy recalculation;Taffy recalculation;Taffy recalculation;Taffy recalculation;Taffy recalculation;Taffy recalculation;Taffy recalculation;Taffy recalculation;Taffy recalculation;Taffy recalculation;Taffy recalculation;Taffy recalculation;Taffy recalculation;Taffy recalculation;Taffy recalculation;Taffy recalculation;Taffy recalculation;Taffy recalculation;Taffy recalculation;Taffy recalculation;Taffy recalculation;Taffy recalculation;Taffy recalculation;Taffy recalculation;Taffy recalculation;Taffy recalculation;Taffy recalculation;Taffy recalculation;Taffy recalculation;Taffy recalculation;Taffy recalculation;Taffy recalculation;Taffy recalculation;Taffy recalculation
Scroll,Virtual,19,1,0.619791,37,20,56,37,false,Taffy recalculation;Taffy recalculation;Taffy recalculation;Taffy recalculation;Taffy recalculation;Taffy recalculation;Taffy recalculation;Taffy recalculation;Taffy recalculation;Taffy recalculation;Taffy recalculation;Taffy recalculation;Taffy recalculation;Taffy recalculation;Taffy recalculation;Taffy recalculation;Taffy recalculation;Taffy recalculation;Taffy recalculation;Taffy recalculation;Taffy recalculation;Taffy recalculation;Taffy recalculation;Taffy recalculation;Taffy recalculation;Taffy recalculation;Taffy recalculation;Taffy recalculation;Taffy recalculation;Taffy recalculation;Taffy recalculation;Taffy recalculation;Taffy recalculation;Taffy recalculation;Taffy recalculation;Taffy recalculation;Taffy recalculation
Scroll,Virtual,19,2,0.619791,37,20,56,0,false,
Scroll,Virtual,20,0,0.256125,37,20,56,0,false,
Scroll,Virtual,21,0,0.904250,37,21,57,37,false,Taffy recalculation;Taffy recalculation;Taffy recalculation;Taffy recalculation;Taffy recalculation;Taffy recalculation;Taffy recalculation;Taffy recalculation;Taffy recalculation;Taffy recalculation;Taffy recalculation;Taffy recalculation;Taffy recalculation;Taffy recalculation;Taffy recalculation;Taffy recalculation;Taffy recalculation;Taffy recalculation;Taffy recalculation;Taffy recalculation;Taffy recalculation;Taffy recalculation;Taffy recalculation;Taffy recalculation;Taffy recalculation;Taffy recalculation;Taffy recalculation;Taffy recalculation;Taffy recalculation;Taffy recalculation;Taffy recalculation;Taffy recalculation;Taffy recalculation;Taffy recalculation;Taffy recalculation;Taffy recalculation;Taffy recalculation
Scroll,Virtual,21,1,0.904250,37,22,58,37,false,Taffy recalculation;Taffy recalculation;Taffy recalculation;Taffy recalculation;Taffy recalculation;Taffy recalculation;Taffy recalculation;Taffy recalculation;Taffy recalculation;Taffy recalculation;Taffy recalculation;Taffy recalculation;Taffy recalculation;Taffy recalculation;Taffy recalculation;Taffy recalculation;Taffy recalculation;Taffy recalculation;Taffy recalculation;Taffy recalculation;Taffy recalculation;Taffy recalculation;Taffy recalculation;Taffy recalculation;Taffy recalculation;Taffy recalculation;Taffy recalculation;Taffy recalculation;Taffy recalculation;Taffy recalculation;Taffy recalculation;Taffy recalculation;Taffy recalculation;Taffy recalculation;Taffy recalculation;Taffy recalculation;Taffy recalculation
Scroll,Virtual,21,2,0.904250,37,22,58,0,false,
Scroll,Virtual,22,0,0.206541,37,22,58,0,false,
Scroll,Virtual,23,0,0.870292,37,23,59,37,false,Taffy recalculation;Taffy recalculation;Taffy recalculation;Taffy recalculation;Taffy recalculation;Taffy recalculation;Taffy recalculation;Taffy recalculation;Taffy recalculation;Taffy recalculation;Taffy recalculation;Taffy recalculation;Taffy recalculation;Taffy recalculation;Taffy recalculation;Taffy recalculation;Taffy recalculation;Taffy recalculation;Taffy recalculation;Taffy recalculation;Taffy recalculation;Taffy recalculation;Taffy recalculation;Taffy recalculation;Taffy recalculation;Taffy recalculation;Taffy recalculation;Taffy recalculation;Taffy recalculation;Taffy recalculation;Taffy recalculation;Taffy recalculation;Taffy recalculation;Taffy recalculation;Taffy recalculation;Taffy recalculation;Taffy recalculation
Scroll,Virtual,23,1,0.870292,37,24,60,37,false,Taffy recalculation;Taffy recalculation;Taffy recalculation;Taffy recalculation;Taffy recalculation;Taffy recalculation;Taffy recalculation;Taffy recalculation;Taffy recalculation;Taffy recalculation;Taffy recalculation;Taffy recalculation;Taffy recalculation;Taffy recalculation;Taffy recalculation;Taffy recalculation;Taffy recalculation;Taffy recalculation;Taffy recalculation;Taffy recalculation;Taffy recalculation;Taffy recalculation;Taffy recalculation;Taffy recalculation;Taffy recalculation;Taffy recalculation;Taffy recalculation;Taffy recalculation;Taffy recalculation;Taffy recalculation;Taffy recalculation;Taffy recalculation;Taffy recalculation;Taffy recalculation;Taffy recalculation;Taffy recalculation;Taffy recalculation
Scroll,Virtual,23,2,0.870292,37,24,60,0,false,
Scroll,Virtual,24,0,0.374125,37,24,60,0,false,
Scroll,Virtual,25,0,0.663041,37,25,61,37,false,Taffy recalculation;Taffy recalculation;Taffy recalculation;Taffy recalculation;Taffy recalculation;Taffy recalculation;Taffy recalculation;Taffy recalculation;Taffy recalculation;Taffy recalculation;Taffy recalculation;Taffy recalculation;Taffy recalculation;Taffy recalculation;Taffy recalculation;Taffy recalculation;Taffy recalculation;Taffy recalculation;Taffy recalculation;Taffy recalculation;Taffy recalculation;Taffy recalculation;Taffy recalculation;Taffy recalculation;Taffy recalculation;Taffy recalculation;Taffy recalculation;Taffy recalculation;Taffy recalculation;Taffy recalculation;Taffy recalculation;Taffy recalculation;Taffy recalculation;Taffy recalculation;Taffy recalculation;Taffy recalculation;Taffy recalculation
Scroll,Virtual,25,1,0.663041,37,26,62,37,false,Taffy recalculation;Taffy recalculation;Taffy recalculation;Taffy recalculation;Taffy recalculation;Taffy recalculation;Taffy recalculation;Taffy recalculation;Taffy recalculation;Taffy recalculation;Taffy recalculation;Taffy recalculation;Taffy recalculation;Taffy recalculation;Taffy recalculation;Taffy recalculation;Taffy recalculation;Taffy recalculation;Taffy recalculation;Taffy recalculation;Taffy recalculation;Taffy recalculation;Taffy recalculation;Taffy recalculation;Taffy recalculation;Taffy recalculation;Taffy recalculation;Taffy recalculation;Taffy recalculation;Taffy recalculation;Taffy recalculation;Taffy recalculation;Taffy recalculation;Taffy recalculation;Taffy recalculation;Taffy recalculation;Taffy recalculation
Scroll,Virtual,25,2,0.663041,37,26,62,0,false,
Scroll,Virtual,26,0,0.243125,37,26,62,0,false,
Scroll,Virtual,27,0,0.688666,37,27,63,37,false,Taffy recalculation;Taffy recalculation;Taffy recalculation;Taffy recalculation;Taffy recalculation;Taffy recalculation;Taffy recalculation;Taffy recalculation;Taffy recalculation;Taffy recalculation;Taffy recalculation;Taffy recalculation;Taffy recalculation;Taffy recalculation;Taffy recalculation;Taffy recalculation;Taffy recalculation;Taffy recalculation;Taffy recalculation;Taffy recalculation;Taffy recalculation;Taffy recalculation;Taffy recalculation;Taffy recalculation;Taffy recalculation;Taffy recalculation;Taffy recalculation;Taffy recalculation;Taffy recalculation;Taffy recalculation;Taffy recalculation;Taffy recalculation;Taffy recalculation;Taffy recalculation;Taffy recalculation;Taffy recalculation;Taffy recalculation
Scroll,Virtual,27,1,0.688666,37,28,64,37,false,Taffy recalculation;Taffy recalculation;Taffy recalculation;Taffy recalculation;Taffy recalculation;Taffy recalculation;Taffy recalculation;Taffy recalculation;Taffy recalculation;Taffy recalculation;Taffy recalculation;Taffy recalculation;Taffy recalculation;Taffy recalculation;Taffy recalculation;Taffy recalculation;Taffy recalculation;Taffy recalculation;Taffy recalculation;Taffy recalculation;Taffy recalculation;Taffy recalculation;Taffy recalculation;Taffy recalculation;Taffy recalculation;Taffy recalculation;Taffy recalculation;Taffy recalculation;Taffy recalculation;Taffy recalculation;Taffy recalculation;Taffy recalculation;Taffy recalculation;Taffy recalculation;Taffy recalculation;Taffy recalculation;Taffy recalculation
Scroll,Virtual,27,2,0.688666,37,28,64,0,false,
Scroll,Virtual,28,0,0.201209,37,28,64,0,false,
Scroll,Virtual,29,0,0.680667,37,29,65,37,false,Taffy recalculation;Taffy recalculation;Taffy recalculation;Taffy recalculation;Taffy recalculation;Taffy recalculation;Taffy recalculation;Taffy recalculation;Taffy recalculation;Taffy recalculation;Taffy recalculation;Taffy recalculation;Taffy recalculation;Taffy recalculation;Taffy recalculation;Taffy recalculation;Taffy recalculation;Taffy recalculation;Taffy recalculation;Taffy recalculation;Taffy recalculation;Taffy recalculation;Taffy recalculation;Taffy recalculation;Taffy recalculation;Taffy recalculation;Taffy recalculation;Taffy recalculation;Taffy recalculation;Taffy recalculation;Taffy recalculation;Taffy recalculation;Taffy recalculation;Taffy recalculation;Taffy recalculation;Taffy recalculation;Taffy recalculation
Scroll,Virtual,29,1,0.680667,37,30,66,37,false,Taffy recalculation;Taffy recalculation;Taffy recalculation;Taffy recalculation;Taffy recalculation;Taffy recalculation;Taffy recalculation;Taffy recalculation;Taffy recalculation;Taffy recalculation;Taffy recalculation;Taffy recalculation;Taffy recalculation;Taffy recalculation;Taffy recalculation;Taffy recalculation;Taffy recalculation;Taffy recalculation;Taffy recalculation;Taffy recalculation;Taffy recalculation;Taffy recalculation;Taffy recalculation;Taffy recalculation;Taffy recalculation;Taffy recalculation;Taffy recalculation;Taffy recalculation;Taffy recalculation;Taffy recalculation;Taffy recalculation;Taffy recalculation;Taffy recalculation;Taffy recalculation;Taffy recalculation;Taffy recalculation;Taffy recalculation
Scroll,Virtual,29,2,0.680667,37,30,66,0,false,
Scroll,Virtual,30,0,0.243250,37,30,66,0,false,
Scroll,Virtual,31,0,0.642292,37,31,67,37,false,Taffy recalculation;Taffy recalculation;Taffy recalculation;Taffy recalculation;Taffy recalculation;Taffy recalculation;Taffy recalculation;Taffy recalculation;Taffy recalculation;Taffy recalculation;Taffy recalculation;Taffy recalculation;Taffy recalculation;Taffy recalculation;Taffy recalculation;Taffy recalculation;Taffy recalculation;Taffy recalculation;Taffy recalculation;Taffy recalculation;Taffy recalculation;Taffy recalculation;Taffy recalculation;Taffy recalculation;Taffy recalculation;Taffy recalculation;Taffy recalculation;Taffy recalculation;Taffy recalculation;Taffy recalculation;Taffy recalculation;Taffy recalculation;Taffy recalculation;Taffy recalculation;Taffy recalculation;Taffy recalculation;Taffy recalculation
Scroll,Virtual,31,1,0.642292,37,32,68,37,false,Taffy recalculation;Taffy recalculation;Taffy recalculation;Taffy recalculation;Taffy recalculation;Taffy recalculation;Taffy recalculation;Taffy recalculation;Taffy recalculation;Taffy recalculation;Taffy recalculation;Taffy recalculation;Taffy recalculation;Taffy recalculation;Taffy recalculation;Taffy recalculation;Taffy recalculation;Taffy recalculation;Taffy recalculation;Taffy recalculation;Taffy recalculation;Taffy recalculation;Taffy recalculation;Taffy recalculation;Taffy recalculation;Taffy recalculation;Taffy recalculation;Taffy recalculation;Taffy recalculation;Taffy recalculation;Taffy recalculation;Taffy recalculation;Taffy recalculation;Taffy recalculation;Taffy recalculation;Taffy recalculation;Taffy recalculation
Scroll,Virtual,31,2,0.642292,37,32,68,0,false,
Scroll,Virtual,32,0,0.249667,37,32,68,0,false,
Scroll,Virtual,33,0,0.666583,37,33,69,37,false,Taffy recalculation;Taffy recalculation;Taffy recalculation;Taffy recalculation;Taffy recalculation;Taffy recalculation;Taffy recalculation;Taffy recalculation;Taffy recalculation;Taffy recalculation;Taffy recalculation;Taffy recalculation;Taffy recalculation;Taffy recalculation;Taffy recalculation;Taffy recalculation;Taffy recalculation;Taffy recalculation;Taffy recalculation;Taffy recalculation;Taffy recalculation;Taffy recalculation;Taffy recalculation;Taffy recalculation;Taffy recalculation;Taffy recalculation;Taffy recalculation;Taffy recalculation;Taffy recalculation;Taffy recalculation;Taffy recalculation;Taffy recalculation;Taffy recalculation;Taffy recalculation;Taffy recalculation;Taffy recalculation;Taffy recalculation
Scroll,Virtual,33,1,0.666583,37,34,70,37,false,Taffy recalculation;Taffy recalculation;Taffy recalculation;Taffy recalculation;Taffy recalculation;Taffy recalculation;Taffy recalculation;Taffy recalculation;Taffy recalculation;Taffy recalculation;Taffy recalculation;Taffy recalculation;Taffy recalculation;Taffy recalculation;Taffy recalculation;Taffy recalculation;Taffy recalculation;Taffy recalculation;Taffy recalculation;Taffy recalculation;Taffy recalculation;Taffy recalculation;Taffy recalculation;Taffy recalculation;Taffy recalculation;Taffy recalculation;Taffy recalculation;Taffy recalculation;Taffy recalculation;Taffy recalculation;Taffy recalculation;Taffy recalculation;Taffy recalculation;Taffy recalculation;Taffy recalculation;Taffy recalculation;Taffy recalculation
Scroll,Virtual,33,2,0.666583,37,34,70,0,false,
Scroll,Virtual,34,0,0.195375,37,34,70,0,false,
Scroll,Virtual,35,0,0.676083,37,35,71,37,false,Taffy recalculation;Taffy recalculation;Taffy recalculation;Taffy recalculation;Taffy recalculation;Taffy recalculation;Taffy recalculation;Taffy recalculation;Taffy recalculation;Taffy recalculation;Taffy recalculation;Taffy recalculation;Taffy recalculation;Taffy recalculation;Taffy recalculation;Taffy recalculation;Taffy recalculation;Taffy recalculation;Taffy recalculation;Taffy recalculation;Taffy recalculation;Taffy recalculation;Taffy recalculation;Taffy recalculation;Taffy recalculation;Taffy recalculation;Taffy recalculation;Taffy recalculation;Taffy recalculation;Taffy recalculation;Taffy recalculation;Taffy recalculation;Taffy recalculation;Taffy recalculation;Taffy recalculation;Taffy recalculation;Taffy recalculation
Scroll,Virtual,35,1,0.676083,37,36,72,37,false,Taffy recalculation;Taffy recalculation;Taffy recalculation;Taffy recalculation;Taffy recalculation;Taffy recalculation;Taffy recalculation;Taffy recalculation;Taffy recalculation;Taffy recalculation;Taffy recalculation;Taffy recalculation;Taffy recalculation;Taffy recalculation;Taffy recalculation;Taffy recalculation;Taffy recalculation;Taffy recalculation;Taffy recalculation;Taffy recalculation;Taffy recalculation;Taffy recalculation;Taffy recalculation;Taffy recalculation;Taffy recalculation;Taffy recalculation;Taffy recalculation;Taffy recalculation;Taffy recalculation;Taffy recalculation;Taffy recalculation;Taffy recalculation;Taffy recalculation;Taffy recalculation;Taffy recalculation;Taffy recalculation;Taffy recalculation
Scroll,Virtual,35,2,0.676083,37,36,72,0,false,
Scroll,Virtual,36,0,0.238625,37,36,72,0,false,
Scroll,Virtual,37,0,0.606583,37,37,73,37,false,Taffy recalculation;Taffy recalculation;Taffy recalculation;Taffy recalculation;Taffy recalculation;Taffy recalculation;Taffy recalculation;Taffy recalculation;Taffy recalculation;Taffy recalculation;Taffy recalculation;Taffy recalculation;Taffy recalculation;Taffy recalculation;Taffy recalculation;Taffy recalculation;Taffy recalculation;Taffy recalculation;Taffy recalculation;Taffy recalculation;Taffy recalculation;Taffy recalculation;Taffy recalculation;Taffy recalculation;Taffy recalculation;Taffy recalculation;Taffy recalculation;Taffy recalculation;Taffy recalculation;Taffy recalculation;Taffy recalculation;Taffy recalculation;Taffy recalculation;Taffy recalculation;Taffy recalculation;Taffy recalculation;Taffy recalculation
Scroll,Virtual,37,1,0.606583,37,38,74,37,false,Taffy recalculation;Taffy recalculation;Taffy recalculation;Taffy recalculation;Taffy recalculation;Taffy recalculation;Taffy recalculation;Taffy recalculation;Taffy recalculation;Taffy recalculation;Taffy recalculation;Taffy recalculation;Taffy recalculation;Taffy recalculation;Taffy recalculation;Taffy recalculation;Taffy recalculation;Taffy recalculation;Taffy recalculation;Taffy recalculation;Taffy recalculation;Taffy recalculation;Taffy recalculation;Taffy recalculation;Taffy recalculation;Taffy recalculation;Taffy recalculation;Taffy recalculation;Taffy recalculation;Taffy recalculation;Taffy recalculation;Taffy recalculation;Taffy recalculation;Taffy recalculation;Taffy recalculation;Taffy recalculation;Taffy recalculation
Scroll,Virtual,37,2,0.606583,37,38,74,0,false,
Scroll,Virtual,38,0,0.259208,37,38,74,0,false,
Scroll,Virtual,39,0,0.697625,37,39,75,37,false,Taffy recalculation;Taffy recalculation;Taffy recalculation;Taffy recalculation;Taffy recalculation;Taffy recalculation;Taffy recalculation;Taffy recalculation;Taffy recalculation;Taffy recalculation;Taffy recalculation;Taffy recalculation;Taffy recalculation;Taffy recalculation;Taffy recalculation;Taffy recalculation;Taffy recalculation;Taffy recalculation;Taffy recalculation;Taffy recalculation;Taffy recalculation;Taffy recalculation;Taffy recalculation;Taffy recalculation;Taffy recalculation;Taffy recalculation;Taffy recalculation;Taffy recalculation;Taffy recalculation;Taffy recalculation;Taffy recalculation;Taffy recalculation;Taffy recalculation;Taffy recalculation;Taffy recalculation;Taffy recalculation;Taffy recalculation
Scroll,Virtual,39,1,0.697625,37,40,76,37,false,Taffy recalculation;Taffy recalculation;Taffy recalculation;Taffy recalculation;Taffy recalculation;Taffy recalculation;Taffy recalculation;Taffy recalculation;Taffy recalculation;Taffy recalculation;Taffy recalculation;Taffy recalculation;Taffy recalculation;Taffy recalculation;Taffy recalculation;Taffy recalculation;Taffy recalculation;Taffy recalculation;Taffy recalculation;Taffy recalculation;Taffy recalculation;Taffy recalculation;Taffy recalculation;Taffy recalculation;Taffy recalculation;Taffy recalculation;Taffy recalculation;Taffy recalculation;Taffy recalculation;Taffy recalculation;Taffy recalculation;Taffy recalculation;Taffy recalculation;Taffy recalculation;Taffy recalculation;Taffy recalculation;Taffy recalculation
Scroll,Virtual,39,2,0.697625,37,40,76,0,false,
Scroll,Virtual,40,0,0.210625,37,40,76,0,false,
Scroll,Virtual,41,0,0.676125,37,41,77,37,false,Taffy recalculation;Taffy recalculation;Taffy recalculation;Taffy recalculation;Taffy recalculation;Taffy recalculation;Taffy recalculation;Taffy recalculation;Taffy recalculation;Taffy recalculation;Taffy recalculation;Taffy recalculation;Taffy recalculation;Taffy recalculation;Taffy recalculation;Taffy recalculation;Taffy recalculation;Taffy recalculation;Taffy recalculation;Taffy recalculation;Taffy recalculation;Taffy recalculation;Taffy recalculation;Taffy recalculation;Taffy recalculation;Taffy recalculation;Taffy recalculation;Taffy recalculation;Taffy recalculation;Taffy recalculation;Taffy recalculation;Taffy recalculation;Taffy recalculation;Taffy recalculation;Taffy recalculation;Taffy recalculation;Taffy recalculation
Scroll,Virtual,41,1,0.676125,37,42,78,37,false,Taffy recalculation;Taffy recalculation;Taffy recalculation;Taffy recalculation;Taffy recalculation;Taffy recalculation;Taffy recalculation;Taffy recalculation;Taffy recalculation;Taffy recalculation;Taffy recalculation;Taffy recalculation;Taffy recalculation;Taffy recalculation;Taffy recalculation;Taffy recalculation;Taffy recalculation;Taffy recalculation;Taffy recalculation;Taffy recalculation;Taffy recalculation;Taffy recalculation;Taffy recalculation;Taffy recalculation;Taffy recalculation;Taffy recalculation;Taffy recalculation;Taffy recalculation;Taffy recalculation;Taffy recalculation;Taffy recalculation;Taffy recalculation;Taffy recalculation;Taffy recalculation;Taffy recalculation;Taffy recalculation;Taffy recalculation
Scroll,Virtual,41,2,0.676125,37,42,78,0,false,
Scroll,Virtual,42,0,0.246875,37,42,78,0,false,
Scroll,Virtual,43,0,0.603875,37,43,79,37,false,Taffy recalculation;Taffy recalculation;Taffy recalculation;Taffy recalculation;Taffy recalculation;Taffy recalculation;Taffy recalculation;Taffy recalculation;Taffy recalculation;Taffy recalculation;Taffy recalculation;Taffy recalculation;Taffy recalculation;Taffy recalculation;Taffy recalculation;Taffy recalculation;Taffy recalculation;Taffy recalculation;Taffy recalculation;Taffy recalculation;Taffy recalculation;Taffy recalculation;Taffy recalculation;Taffy recalculation;Taffy recalculation;Taffy recalculation;Taffy recalculation;Taffy recalculation;Taffy recalculation;Taffy recalculation;Taffy recalculation;Taffy recalculation;Taffy recalculation;Taffy recalculation;Taffy recalculation;Taffy recalculation;Taffy recalculation
Scroll,Virtual,43,1,0.603875,37,44,80,37,false,Taffy recalculation;Taffy recalculation;Taffy recalculation;Taffy recalculation;Taffy recalculation;Taffy recalculation;Taffy recalculation;Taffy recalculation;Taffy recalculation;Taffy recalculation;Taffy recalculation;Taffy recalculation;Taffy recalculation;Taffy recalculation;Taffy recalculation;Taffy recalculation;Taffy recalculation;Taffy recalculation;Taffy recalculation;Taffy recalculation;Taffy recalculation;Taffy recalculation;Taffy recalculation;Taffy recalculation;Taffy recalculation;Taffy recalculation;Taffy recalculation;Taffy recalculation;Taffy recalculation;Taffy recalculation;Taffy recalculation;Taffy recalculation;Taffy recalculation;Taffy recalculation;Taffy recalculation;Taffy recalculation;Taffy recalculation
Scroll,Virtual,43,2,0.603875,37,44,80,0,false,
Scroll,Virtual,44,0,0.442500,37,44,80,0,false,
Scroll,Virtual,45,0,0.708125,37,45,81,37,false,Taffy recalculation;Taffy recalculation;Taffy recalculation;Taffy recalculation;Taffy recalculation;Taffy recalculation;Taffy recalculation;Taffy recalculation;Taffy recalculation;Taffy recalculation;Taffy recalculation;Taffy recalculation;Taffy recalculation;Taffy recalculation;Taffy recalculation;Taffy recalculation;Taffy recalculation;Taffy recalculation;Taffy recalculation;Taffy recalculation;Taffy recalculation;Taffy recalculation;Taffy recalculation;Taffy recalculation;Taffy recalculation;Taffy recalculation;Taffy recalculation;Taffy recalculation;Taffy recalculation;Taffy recalculation;Taffy recalculation;Taffy recalculation;Taffy recalculation;Taffy recalculation;Taffy recalculation;Taffy recalculation;Taffy recalculation
Scroll,Virtual,45,1,0.708125,37,46,82,37,false,Taffy recalculation;Taffy recalculation;Taffy recalculation;Taffy recalculation;Taffy recalculation;Taffy recalculation;Taffy recalculation;Taffy recalculation;Taffy recalculation;Taffy recalculation;Taffy recalculation;Taffy recalculation;Taffy recalculation;Taffy recalculation;Taffy recalculation;Taffy recalculation;Taffy recalculation;Taffy recalculation;Taffy recalculation;Taffy recalculation;Taffy recalculation;Taffy recalculation;Taffy recalculation;Taffy recalculation;Taffy recalculation;Taffy recalculation;Taffy recalculation;Taffy recalculation;Taffy recalculation;Taffy recalculation;Taffy recalculation;Taffy recalculation;Taffy recalculation;Taffy recalculation;Taffy recalculation;Taffy recalculation;Taffy recalculation
Scroll,Virtual,45,2,0.708125,37,46,82,0,false,
Scroll,Virtual,46,0,0.197334,37,46,82,0,false,
Scroll,Virtual,47,0,0.718416,37,47,83,37,false,Taffy recalculation;Taffy recalculation;Taffy recalculation;Taffy recalculation;Taffy recalculation;Taffy recalculation;Taffy recalculation;Taffy recalculation;Taffy recalculation;Taffy recalculation;Taffy recalculation;Taffy recalculation;Taffy recalculation;Taffy recalculation;Taffy recalculation;Taffy recalculation;Taffy recalculation;Taffy recalculation;Taffy recalculation;Taffy recalculation;Taffy recalculation;Taffy recalculation;Taffy recalculation;Taffy recalculation;Taffy recalculation;Taffy recalculation;Taffy recalculation;Taffy recalculation;Taffy recalculation;Taffy recalculation;Taffy recalculation;Taffy recalculation;Taffy recalculation;Taffy recalculation;Taffy recalculation;Taffy recalculation;Taffy recalculation
Scroll,Virtual,47,1,0.718416,37,48,84,37,false,Taffy recalculation;Taffy recalculation;Taffy recalculation;Taffy recalculation;Taffy recalculation;Taffy recalculation;Taffy recalculation;Taffy recalculation;Taffy recalculation;Taffy recalculation;Taffy recalculation;Taffy recalculation;Taffy recalculation;Taffy recalculation;Taffy recalculation;Taffy recalculation;Taffy recalculation;Taffy recalculation;Taffy recalculation;Taffy recalculation;Taffy recalculation;Taffy recalculation;Taffy recalculation;Taffy recalculation;Taffy recalculation;Taffy recalculation;Taffy recalculation;Taffy recalculation;Taffy recalculation;Taffy recalculation;Taffy recalculation;Taffy recalculation;Taffy recalculation;Taffy recalculation;Taffy recalculation;Taffy recalculation;Taffy recalculation
Scroll,Virtual,47,2,0.718416,37,48,84,0,false,
Scroll,Virtual,48,0,0.238875,37,48,84,0,false,
Scroll,Virtual,49,0,0.614292,37,49,85,37,false,Taffy recalculation;Taffy recalculation;Taffy recalculation;Taffy recalculation;Taffy recalculation;Taffy recalculation;Taffy recalculation;Taffy recalculation;Taffy recalculation;Taffy recalculation;Taffy recalculation;Taffy recalculation;Taffy recalculation;Taffy recalculation;Taffy recalculation;Taffy recalculation;Taffy recalculation;Taffy recalculation;Taffy recalculation;Taffy recalculation;Taffy recalculation;Taffy recalculation;Taffy recalculation;Taffy recalculation;Taffy recalculation;Taffy recalculation;Taffy recalculation;Taffy recalculation;Taffy recalculation;Taffy recalculation;Taffy recalculation;Taffy recalculation;Taffy recalculation;Taffy recalculation;Taffy recalculation;Taffy recalculation;Taffy recalculation
Scroll,Virtual,49,1,0.614292,37,50,86,37,false,Taffy recalculation;Taffy recalculation;Taffy recalculation;Taffy recalculation;Taffy recalculation;Taffy recalculation;Taffy recalculation;Taffy recalculation;Taffy recalculation;Taffy recalculation;Taffy recalculation;Taffy recalculation;Taffy recalculation;Taffy recalculation;Taffy recalculation;Taffy recalculation;Taffy recalculation;Taffy recalculation;Taffy recalculation;Taffy recalculation;Taffy recalculation;Taffy recalculation;Taffy recalculation;Taffy recalculation;Taffy recalculation;Taffy recalculation;Taffy recalculation;Taffy recalculation;Taffy recalculation;Taffy recalculation;Taffy recalculation;Taffy recalculation;Taffy recalculation;Taffy recalculation;Taffy recalculation;Taffy recalculation;Taffy recalculation
Scroll,Virtual,49,2,0.614292,37,50,86,0,false,
Scroll,Virtual,50,0,0.241959,37,50,86,0,false,
Scroll,Virtual,51,0,0.687709,37,51,87,37,false,Taffy recalculation;Taffy recalculation;Taffy recalculation;Taffy recalculation;Taffy recalculation;Taffy recalculation;Taffy recalculation;Taffy recalculation;Taffy recalculation;Taffy recalculation;Taffy recalculation;Taffy recalculation;Taffy recalculation;Taffy recalculation;Taffy recalculation;Taffy recalculation;Taffy recalculation;Taffy recalculation;Taffy recalculation;Taffy recalculation;Taffy recalculation;Taffy recalculation;Taffy recalculation;Taffy recalculation;Taffy recalculation;Taffy recalculation;Taffy recalculation;Taffy recalculation;Taffy recalculation;Taffy recalculation;Taffy recalculation;Taffy recalculation;Taffy recalculation;Taffy recalculation;Taffy recalculation;Taffy recalculation;Taffy recalculation
Scroll,Virtual,51,1,0.687709,37,52,88,37,false,Taffy recalculation;Taffy recalculation;Taffy recalculation;Taffy recalculation;Taffy recalculation;Taffy recalculation;Taffy recalculation;Taffy recalculation;Taffy recalculation;Taffy recalculation;Taffy recalculation;Taffy recalculation;Taffy recalculation;Taffy recalculation;Taffy recalculation;Taffy recalculation;Taffy recalculation;Taffy recalculation;Taffy recalculation;Taffy recalculation;Taffy recalculation;Taffy recalculation;Taffy recalculation;Taffy recalculation;Taffy recalculation;Taffy recalculation;Taffy recalculation;Taffy recalculation;Taffy recalculation;Taffy recalculation;Taffy recalculation;Taffy recalculation;Taffy recalculation;Taffy recalculation;Taffy recalculation;Taffy recalculation;Taffy recalculation
Scroll,Virtual,51,2,0.687709,37,52,88,0,false,
Scroll,Virtual,52,0,0.193500,37,52,88,0,false,
Scroll,Virtual,53,0,0.698000,37,53,89,37,false,Taffy recalculation;Taffy recalculation;Taffy recalculation;Taffy recalculation;Taffy recalculation;Taffy recalculation;Taffy recalculation;Taffy recalculation;Taffy recalculation;Taffy recalculation;Taffy recalculation;Taffy recalculation;Taffy recalculation;Taffy recalculation;Taffy recalculation;Taffy recalculation;Taffy recalculation;Taffy recalculation;Taffy recalculation;Taffy recalculation;Taffy recalculation;Taffy recalculation;Taffy recalculation;Taffy recalculation;Taffy recalculation;Taffy recalculation;Taffy recalculation;Taffy recalculation;Taffy recalculation;Taffy recalculation;Taffy recalculation;Taffy recalculation;Taffy recalculation;Taffy recalculation;Taffy recalculation;Taffy recalculation;Taffy recalculation
Scroll,Virtual,53,1,0.698000,37,54,90,37,false,Taffy recalculation;Taffy recalculation;Taffy recalculation;Taffy recalculation;Taffy recalculation;Taffy recalculation;Taffy recalculation;Taffy recalculation;Taffy recalculation;Taffy recalculation;Taffy recalculation;Taffy recalculation;Taffy recalculation;Taffy recalculation;Taffy recalculation;Taffy recalculation;Taffy recalculation;Taffy recalculation;Taffy recalculation;Taffy recalculation;Taffy recalculation;Taffy recalculation;Taffy recalculation;Taffy recalculation;Taffy recalculation;Taffy recalculation;Taffy recalculation;Taffy recalculation;Taffy recalculation;Taffy recalculation;Taffy recalculation;Taffy recalculation;Taffy recalculation;Taffy recalculation;Taffy recalculation;Taffy recalculation;Taffy recalculation
Scroll,Virtual,53,2,0.698000,37,54,90,0,false,
Scroll,Virtual,54,0,0.232792,37,54,90,0,false,
Scroll,Virtual,55,0,0.799917,37,55,91,37,false,Taffy recalculation;Taffy recalculation;Taffy recalculation;Taffy recalculation;Taffy recalculation;Taffy recalculation;Taffy recalculation;Taffy recalculation;Taffy recalculation;Taffy recalculation;Taffy recalculation;Taffy recalculation;Taffy recalculation;Taffy recalculation;Taffy recalculation;Taffy recalculation;Taffy recalculation;Taffy recalculation;Taffy recalculation;Taffy recalculation;Taffy recalculation;Taffy recalculation;Taffy recalculation;Taffy recalculation;Taffy recalculation;Taffy recalculation;Taffy recalculation;Taffy recalculation;Taffy recalculation;Taffy recalculation;Taffy recalculation;Taffy recalculation;Taffy recalculation;Taffy recalculation;Taffy recalculation;Taffy recalculation;Taffy recalculation
Scroll,Virtual,55,1,0.799917,37,56,92,37,false,Taffy recalculation;Taffy recalculation;Taffy recalculation;Taffy recalculation;Taffy recalculation;Taffy recalculation;Taffy recalculation;Taffy recalculation;Taffy recalculation;Taffy recalculation;Taffy recalculation;Taffy recalculation;Taffy recalculation;Taffy recalculation;Taffy recalculation;Taffy recalculation;Taffy recalculation;Taffy recalculation;Taffy recalculation;Taffy recalculation;Taffy recalculation;Taffy recalculation;Taffy recalculation;Taffy recalculation;Taffy recalculation;Taffy recalculation;Taffy recalculation;Taffy recalculation;Taffy recalculation;Taffy recalculation;Taffy recalculation;Taffy recalculation;Taffy recalculation;Taffy recalculation;Taffy recalculation;Taffy recalculation;Taffy recalculation
Scroll,Virtual,55,2,0.799917,37,56,92,0,false,
Scroll,Virtual,56,0,0.417916,37,56,92,0,false,
Scroll,Virtual,57,0,0.789417,37,57,93,37,false,Taffy recalculation;Taffy recalculation;Taffy recalculation;Taffy recalculation;Taffy recalculation;Taffy recalculation;Taffy recalculation;Taffy recalculation;Taffy recalculation;Taffy recalculation;Taffy recalculation;Taffy recalculation;Taffy recalculation;Taffy recalculation;Taffy recalculation;Taffy recalculation;Taffy recalculation;Taffy recalculation;Taffy recalculation;Taffy recalculation;Taffy recalculation;Taffy recalculation;Taffy recalculation;Taffy recalculation;Taffy recalculation;Taffy recalculation;Taffy recalculation;Taffy recalculation;Taffy recalculation;Taffy recalculation;Taffy recalculation;Taffy recalculation;Taffy recalculation;Taffy recalculation;Taffy recalculation;Taffy recalculation;Taffy recalculation
Scroll,Virtual,57,1,0.789417,37,58,94,37,false,Taffy recalculation;Taffy recalculation;Taffy recalculation;Taffy recalculation;Taffy recalculation;Taffy recalculation;Taffy recalculation;Taffy recalculation;Taffy recalculation;Taffy recalculation;Taffy recalculation;Taffy recalculation;Taffy recalculation;Taffy recalculation;Taffy recalculation;Taffy recalculation;Taffy recalculation;Taffy recalculation;Taffy recalculation;Taffy recalculation;Taffy recalculation;Taffy recalculation;Taffy recalculation;Taffy recalculation;Taffy recalculation;Taffy recalculation;Taffy recalculation;Taffy recalculation;Taffy recalculation;Taffy recalculation;Taffy recalculation;Taffy recalculation;Taffy recalculation;Taffy recalculation;Taffy recalculation;Taffy recalculation;Taffy recalculation
Scroll,Virtual,57,2,0.789417,37,58,94,0,false,
Scroll,Virtual,58,0,0.245291,37,58,94,0,false,
Scroll,Virtual,59,0,0.798042,37,59,95,37,false,Taffy recalculation;Taffy recalculation;Taffy recalculation;Taffy recalculation;Taffy recalculation;Taffy recalculation;Taffy recalculation;Taffy recalculation;Taffy recalculation;Taffy recalculation;Taffy recalculation;Taffy recalculation;Taffy recalculation;Taffy recalculation;Taffy recalculation;Taffy recalculation;Taffy recalculation;Taffy recalculation;Taffy recalculation;Taffy recalculation;Taffy recalculation;Taffy recalculation;Taffy recalculation;Taffy recalculation;Taffy recalculation;Taffy recalculation;Taffy recalculation;Taffy recalculation;Taffy recalculation;Taffy recalculation;Taffy recalculation;Taffy recalculation;Taffy recalculation;Taffy recalculation;Taffy recalculation;Taffy recalculation;Taffy recalculation
Scroll,Virtual,59,1,0.798042,37,60,96,37,false,Taffy recalculation;Taffy recalculation;Taffy recalculation;Taffy recalculation;Taffy recalculation;Taffy recalculation;Taffy recalculation;Taffy recalculation;Taffy recalculation;Taffy recalculation;Taffy recalculation;Taffy recalculation;Taffy recalculation;Taffy recalculation;Taffy recalculation;Taffy recalculation;Taffy recalculation;Taffy recalculation;Taffy recalculation;Taffy recalculation;Taffy recalculation;Taffy recalculation;Taffy recalculation;Taffy recalculation;Taffy recalculation;Taffy recalculation;Taffy recalculation;Taffy recalculation;Taffy recalculation;Taffy recalculation;Taffy recalculation;Taffy recalculation;Taffy recalculation;Taffy recalculation;Taffy recalculation;Taffy recalculation;Taffy recalculation
Scroll,Virtual,59,2,0.798042,37,60,96,0,false,
Scroll,Virtual,60,0,0.417750,37,60,96,0,false,
Scroll,Virtual,61,0,0.679375,37,61,97,37,false,Taffy recalculation;Taffy recalculation;Taffy recalculation;Taffy recalculation;Taffy recalculation;Taffy recalculation;Taffy recalculation;Taffy recalculation;Taffy recalculation;Taffy recalculation;Taffy recalculation;Taffy recalculation;Taffy recalculation;Taffy recalculation;Taffy recalculation;Taffy recalculation;Taffy recalculation;Taffy recalculation;Taffy recalculation;Taffy recalculation;Taffy recalculation;Taffy recalculation;Taffy recalculation;Taffy recalculation;Taffy recalculation;Taffy recalculation;Taffy recalculation;Taffy recalculation;Taffy recalculation;Taffy recalculation;Taffy recalculation;Taffy recalculation;Taffy recalculation;Taffy recalculation;Taffy recalculation;Taffy recalculation;Taffy recalculation
Scroll,Virtual,61,1,0.679375,37,62,98,37,false,Taffy recalculation;Taffy recalculation;Taffy recalculation;Taffy recalculation;Taffy recalculation;Taffy recalculation;Taffy recalculation;Taffy recalculation;Taffy recalculation;Taffy recalculation;Taffy recalculation;Taffy recalculation;Taffy recalculation;Taffy recalculation;Taffy recalculation;Taffy recalculation;Taffy recalculation;Taffy recalculation;Taffy recalculation;Taffy recalculation;Taffy recalculation;Taffy recalculation;Taffy recalculation;Taffy recalculation;Taffy recalculation;Taffy recalculation;Taffy recalculation;Taffy recalculation;Taffy recalculation;Taffy recalculation;Taffy recalculation;Taffy recalculation;Taffy recalculation;Taffy recalculation;Taffy recalculation;Taffy recalculation;Taffy recalculation
Scroll,Virtual,61,2,0.679375,37,62,98,0,false,
Scroll,Virtual,62,0,0.244625,37,62,98,0,false,
Scroll,Virtual,63,0,0.723042,37,63,99,37,false,Taffy recalculation;Taffy recalculation;Taffy recalculation;Taffy recalculation;Taffy recalculation;Taffy recalculation;Taffy recalculation;Taffy recalculation;Taffy recalculation;Taffy recalculation;Taffy recalculation;Taffy recalculation;Taffy recalculation;Taffy recalculation;Taffy recalculation;Taffy recalculation;Taffy recalculation;Taffy recalculation;Taffy recalculation;Taffy recalculation;Taffy recalculation;Taffy recalculation;Taffy recalculation;Taffy recalculation;Taffy recalculation;Taffy recalculation;Taffy recalculation;Taffy recalculation;Taffy recalculation;Taffy recalculation;Taffy recalculation;Taffy recalculation;Taffy recalculation;Taffy recalculation;Taffy recalculation;Taffy recalculation;Taffy recalculation
Scroll,Virtual,63,1,0.723042,37,64,100,37,false,Taffy recalculation;Taffy recalculation;Taffy recalculation;Taffy recalculation;Taffy recalculation;Taffy recalculation;Taffy recalculation;Taffy recalculation;Taffy recalculation;Taffy recalculation;Taffy recalculation;Taffy recalculation;Taffy recalculation;Taffy recalculation;Taffy recalculation;Taffy recalculation;Taffy recalculation;Taffy recalculation;Taffy recalculation;Taffy recalculation;Taffy recalculation;Taffy recalculation;Taffy recalculation;Taffy recalculation;Taffy recalculation;Taffy recalculation;Taffy recalculation;Taffy recalculation;Taffy recalculation;Taffy recalculation;Taffy recalculation;Taffy recalculation;Taffy recalculation;Taffy recalculation;Taffy recalculation;Taffy recalculation;Taffy recalculation
Scroll,Virtual,63,2,0.723042,37,64,100,0,false,
Scroll,Virtual,64,0,0.197625,37,64,100,0,false,
Scroll,Virtual,65,0,0.729875,37,65,101,37,false,Taffy recalculation;Taffy recalculation;Taffy recalculation;Taffy recalculation;Taffy recalculation;Taffy recalculation;Taffy recalculation;Taffy recalculation;Taffy recalculation;Taffy recalculation;Taffy recalculation;Taffy recalculation;Taffy recalculation;Taffy recalculation;Taffy recalculation;Taffy recalculation;Taffy recalculation;Taffy recalculation;Taffy recalculation;Taffy recalculation;Taffy recalculation;Taffy recalculation;Taffy recalculation;Taffy recalculation;Taffy recalculation;Taffy recalculation;Taffy recalculation;Taffy recalculation;Taffy recalculation;Taffy recalculation;Taffy recalculation;Taffy recalculation;Taffy recalculation;Taffy recalculation;Taffy recalculation;Taffy recalculation;Taffy recalculation
Scroll,Virtual,65,1,0.729875,37,66,102,37,false,Taffy recalculation;Taffy recalculation;Taffy recalculation;Taffy recalculation;Taffy recalculation;Taffy recalculation;Taffy recalculation;Taffy recalculation;Taffy recalculation;Taffy recalculation;Taffy recalculation;Taffy recalculation;Taffy recalculation;Taffy recalculation;Taffy recalculation;Taffy recalculation;Taffy recalculation;Taffy recalculation;Taffy recalculation;Taffy recalculation;Taffy recalculation;Taffy recalculation;Taffy recalculation;Taffy recalculation;Taffy recalculation;Taffy recalculation;Taffy recalculation;Taffy recalculation;Taffy recalculation;Taffy recalculation;Taffy recalculation;Taffy recalculation;Taffy recalculation;Taffy recalculation;Taffy recalculation;Taffy recalculation;Taffy recalculation
Scroll,Virtual,65,2,0.729875,37,66,102,0,false,
Scroll,Virtual,66,0,0.224167,37,66,102,0,false,
Scroll,Virtual,67,0,0.654333,37,67,103,37,false,Taffy recalculation;Taffy recalculation;Taffy recalculation;Taffy recalculation;Taffy recalculation;Taffy recalculation;Taffy recalculation;Taffy recalculation;Taffy recalculation;Taffy recalculation;Taffy recalculation;Taffy recalculation;Taffy recalculation;Taffy recalculation;Taffy recalculation;Taffy recalculation;Taffy recalculation;Taffy recalculation;Taffy recalculation;Taffy recalculation;Taffy recalculation;Taffy recalculation;Taffy recalculation;Taffy recalculation;Taffy recalculation;Taffy recalculation;Taffy recalculation;Taffy recalculation;Taffy recalculation;Taffy recalculation;Taffy recalculation;Taffy recalculation;Taffy recalculation;Taffy recalculation;Taffy recalculation;Taffy recalculation;Taffy recalculation
Scroll,Virtual,67,1,0.654333,37,68,104,37,false,Taffy recalculation;Taffy recalculation;Taffy recalculation;Taffy recalculation;Taffy recalculation;Taffy recalculation;Taffy recalculation;Taffy recalculation;Taffy recalculation;Taffy recalculation;Taffy recalculation;Taffy recalculation;Taffy recalculation;Taffy recalculation;Taffy recalculation;Taffy recalculation;Taffy recalculation;Taffy recalculation;Taffy recalculation;Taffy recalculation;Taffy recalculation;Taffy recalculation;Taffy recalculation;Taffy recalculation;Taffy recalculation;Taffy recalculation;Taffy recalculation;Taffy recalculation;Taffy recalculation;Taffy recalculation;Taffy recalculation;Taffy recalculation;Taffy recalculation;Taffy recalculation;Taffy recalculation;Taffy recalculation;Taffy recalculation
Scroll,Virtual,67,2,0.654333,37,68,104,0,false,
Scroll,Virtual,68,0,0.251084,37,68,104,0,false,
Scroll,Virtual,69,0,0.740541,37,69,105,37,false,Taffy recalculation;Taffy recalculation;Taffy recalculation;Taffy recalculation;Taffy recalculation;Taffy recalculation;Taffy recalculation;Taffy recalculation;Taffy recalculation;Taffy recalculation;Taffy recalculation;Taffy recalculation;Taffy recalculation;Taffy recalculation;Taffy recalculation;Taffy recalculation;Taffy recalculation;Taffy recalculation;Taffy recalculation;Taffy recalculation;Taffy recalculation;Taffy recalculation;Taffy recalculation;Taffy recalculation;Taffy recalculation;Taffy recalculation;Taffy recalculation;Taffy recalculation;Taffy recalculation;Taffy recalculation;Taffy recalculation;Taffy recalculation;Taffy recalculation;Taffy recalculation;Taffy recalculation;Taffy recalculation;Taffy recalculation
Scroll,Virtual,69,1,0.740541,37,70,106,37,false,Taffy recalculation;Taffy recalculation;Taffy recalculation;Taffy recalculation;Taffy recalculation;Taffy recalculation;Taffy recalculation;Taffy recalculation;Taffy recalculation;Taffy recalculation;Taffy recalculation;Taffy recalculation;Taffy recalculation;Taffy recalculation;Taffy recalculation;Taffy recalculation;Taffy recalculation;Taffy recalculation;Taffy recalculation;Taffy recalculation;Taffy recalculation;Taffy recalculation;Taffy recalculation;Taffy recalculation;Taffy recalculation;Taffy recalculation;Taffy recalculation;Taffy recalculation;Taffy recalculation;Taffy recalculation;Taffy recalculation;Taffy recalculation;Taffy recalculation;Taffy recalculation;Taffy recalculation;Taffy recalculation;Taffy recalculation
Scroll,Virtual,69,2,0.740541,37,70,106,0,false,
Scroll,Virtual,70,0,0.195542,37,70,106,0,false,
Scroll,Virtual,71,0,0.722042,37,71,107,37,false,Taffy recalculation;Taffy recalculation;Taffy recalculation;Taffy recalculation;Taffy recalculation;Taffy recalculation;Taffy recalculation;Taffy recalculation;Taffy recalculation;Taffy recalculation;Taffy recalculation;Taffy recalculation;Taffy recalculation;Taffy recalculation;Taffy recalculation;Taffy recalculation;Taffy recalculation;Taffy recalculation;Taffy recalculation;Taffy recalculation;Taffy recalculation;Taffy recalculation;Taffy recalculation;Taffy recalculation;Taffy recalculation;Taffy recalculation;Taffy recalculation;Taffy recalculation;Taffy recalculation;Taffy recalculation;Taffy recalculation;Taffy recalculation;Taffy recalculation;Taffy recalculation;Taffy recalculation;Taffy recalculation;Taffy recalculation
Scroll,Virtual,71,1,0.722042,37,72,108,37,false,Taffy recalculation;Taffy recalculation;Taffy recalculation;Taffy recalculation;Taffy recalculation;Taffy recalculation;Taffy recalculation;Taffy recalculation;Taffy recalculation;Taffy recalculation;Taffy recalculation;Taffy recalculation;Taffy recalculation;Taffy recalculation;Taffy recalculation;Taffy recalculation;Taffy recalculation;Taffy recalculation;Taffy recalculation;Taffy recalculation;Taffy recalculation;Taffy recalculation;Taffy recalculation;Taffy recalculation;Taffy recalculation;Taffy recalculation;Taffy recalculation;Taffy recalculation;Taffy recalculation;Taffy recalculation;Taffy recalculation;Taffy recalculation;Taffy recalculation;Taffy recalculation;Taffy recalculation;Taffy recalculation;Taffy recalculation
Scroll,Virtual,71,2,0.722042,37,72,108,0,false,
Scroll,Virtual,72,0,0.245417,37,72,108,0,false,
Scroll,Virtual,73,0,0.636417,37,73,109,37,false,Taffy recalculation;Taffy recalculation;Taffy recalculation;Taffy recalculation;Taffy recalculation;Taffy recalculation;Taffy recalculation;Taffy recalculation;Taffy recalculation;Taffy recalculation;Taffy recalculation;Taffy recalculation;Taffy recalculation;Taffy recalculation;Taffy recalculation;Taffy recalculation;Taffy recalculation;Taffy recalculation;Taffy recalculation;Taffy recalculation;Taffy recalculation;Taffy recalculation;Taffy recalculation;Taffy recalculation;Taffy recalculation;Taffy recalculation;Taffy recalculation;Taffy recalculation;Taffy recalculation;Taffy recalculation;Taffy recalculation;Taffy recalculation;Taffy recalculation;Taffy recalculation;Taffy recalculation;Taffy recalculation;Taffy recalculation
Scroll,Virtual,73,1,0.636417,37,74,110,37,false,Taffy recalculation;Taffy recalculation;Taffy recalculation;Taffy recalculation;Taffy recalculation;Taffy recalculation;Taffy recalculation;Taffy recalculation;Taffy recalculation;Taffy recalculation;Taffy recalculation;Taffy recalculation;Taffy recalculation;Taffy recalculation;Taffy recalculation;Taffy recalculation;Taffy recalculation;Taffy recalculation;Taffy recalculation;Taffy recalculation;Taffy recalculation;Taffy recalculation;Taffy recalculation;Taffy recalculation;Taffy recalculation;Taffy recalculation;Taffy recalculation;Taffy recalculation;Taffy recalculation;Taffy recalculation;Taffy recalculation;Taffy recalculation;Taffy recalculation;Taffy recalculation;Taffy recalculation;Taffy recalculation;Taffy recalculation
Scroll,Virtual,73,2,0.636417,37,74,110,0,false,
Scroll,Virtual,74,0,0.246584,37,74,110,0,false,
Scroll,Virtual,75,0,0.634000,37,75,111,37,false,Taffy recalculation;Taffy recalculation;Taffy recalculation;Taffy recalculation;Taffy recalculation;Taffy recalculation;Taffy recalculation;Taffy recalculation;Taffy recalculation;Taffy recalculation;Taffy recalculation;Taffy recalculation;Taffy recalculation;Taffy recalculation;Taffy recalculation;Taffy recalculation;Taffy recalculation;Taffy recalculation;Taffy recalculation;Taffy recalculation;Taffy recalculation;Taffy recalculation;Taffy recalculation;Taffy recalculation;Taffy recalculation;Taffy recalculation;Taffy recalculation;Taffy recalculation;Taffy recalculation;Taffy recalculation;Taffy recalculation;Taffy recalculation;Taffy recalculation;Taffy recalculation;Taffy recalculation;Taffy recalculation;Taffy recalculation
Scroll,Virtual,75,1,0.634000,37,76,112,37,false,Taffy recalculation;Taffy recalculation;Taffy recalculation;Taffy recalculation;Taffy recalculation;Taffy recalculation;Taffy recalculation;Taffy recalculation;Taffy recalculation;Taffy recalculation;Taffy recalculation;Taffy recalculation;Taffy recalculation;Taffy recalculation;Taffy recalculation;Taffy recalculation;Taffy recalculation;Taffy recalculation;Taffy recalculation;Taffy recalculation;Taffy recalculation;Taffy recalculation;Taffy recalculation;Taffy recalculation;Taffy recalculation;Taffy recalculation;Taffy recalculation;Taffy recalculation;Taffy recalculation;Taffy recalculation;Taffy recalculation;Taffy recalculation;Taffy recalculation;Taffy recalculation;Taffy recalculation;Taffy recalculation;Taffy recalculation
Scroll,Virtual,75,2,0.634000,37,76,112,0,false,
Scroll,Virtual,76,0,0.255083,37,76,112,0,false,
Scroll,Virtual,77,0,0.688959,37,77,113,37,false,Taffy recalculation;Taffy recalculation;Taffy recalculation;Taffy recalculation;Taffy recalculation;Taffy recalculation;Taffy recalculation;Taffy recalculation;Taffy recalculation;Taffy recalculation;Taffy recalculation;Taffy recalculation;Taffy recalculation;Taffy recalculation;Taffy recalculation;Taffy recalculation;Taffy recalculation;Taffy recalculation;Taffy recalculation;Taffy recalculation;Taffy recalculation;Taffy recalculation;Taffy recalculation;Taffy recalculation;Taffy recalculation;Taffy recalculation;Taffy recalculation;Taffy recalculation;Taffy recalculation;Taffy recalculation;Taffy recalculation;Taffy recalculation;Taffy recalculation;Taffy recalculation;Taffy recalculation;Taffy recalculation;Taffy recalculation
Scroll,Virtual,77,1,0.688959,37,78,114,37,false,Taffy recalculation;Taffy recalculation;Taffy recalculation;Taffy recalculation;Taffy recalculation;Taffy recalculation;Taffy recalculation;Taffy recalculation;Taffy recalculation;Taffy recalculation;Taffy recalculation;Taffy recalculation;Taffy recalculation;Taffy recalculation;Taffy recalculation;Taffy recalculation;Taffy recalculation;Taffy recalculation;Taffy recalculation;Taffy recalculation;Taffy recalculation;Taffy recalculation;Taffy recalculation;Taffy recalculation;Taffy recalculation;Taffy recalculation;Taffy recalculation;Taffy recalculation;Taffy recalculation;Taffy recalculation;Taffy recalculation;Taffy recalculation;Taffy recalculation;Taffy recalculation;Taffy recalculation;Taffy recalculation;Taffy recalculation
Scroll,Virtual,77,2,0.688959,37,78,114,0,false,
Scroll,Virtual,78,0,0.450208,37,78,114,0,false,
Scroll,Virtual,79,0,0.598209,37,79,115,37,false,Taffy recalculation;Taffy recalculation;Taffy recalculation;Taffy recalculation;Taffy recalculation;Taffy recalculation;Taffy recalculation;Taffy recalculation;Taffy recalculation;Taffy recalculation;Taffy recalculation;Taffy recalculation;Taffy recalculation;Taffy recalculation;Taffy recalculation;Taffy recalculation;Taffy recalculation;Taffy recalculation;Taffy recalculation;Taffy recalculation;Taffy recalculation;Taffy recalculation;Taffy recalculation;Taffy recalculation;Taffy recalculation;Taffy recalculation;Taffy recalculation;Taffy recalculation;Taffy recalculation;Taffy recalculation;Taffy recalculation;Taffy recalculation;Taffy recalculation;Taffy recalculation;Taffy recalculation;Taffy recalculation;Taffy recalculation
Scroll,Virtual,79,1,0.598209,37,80,116,37,false,Taffy recalculation;Taffy recalculation;Taffy recalculation;Taffy recalculation;Taffy recalculation;Taffy recalculation;Taffy recalculation;Taffy recalculation;Taffy recalculation;Taffy recalculation;Taffy recalculation;Taffy recalculation;Taffy recalculation;Taffy recalculation;Taffy recalculation;Taffy recalculation;Taffy recalculation;Taffy recalculation;Taffy recalculation;Taffy recalculation;Taffy recalculation;Taffy recalculation;Taffy recalculation;Taffy recalculation;Taffy recalculation;Taffy recalculation;Taffy recalculation;Taffy recalculation;Taffy recalculation;Taffy recalculation;Taffy recalculation;Taffy recalculation;Taffy recalculation;Taffy recalculation;Taffy recalculation;Taffy recalculation;Taffy recalculation
Scroll,Virtual,79,2,0.598209,37,80,116,0,false,
Scroll,Virtual,80,0,0.421000,37,80,116,0,false,
Scroll,Virtual,81,0,0.669167,37,81,117,37,false,Taffy recalculation;Taffy recalculation;Taffy recalculation;Taffy recalculation;Taffy recalculation;Taffy recalculation;Taffy recalculation;Taffy recalculation;Taffy recalculation;Taffy recalculation;Taffy recalculation;Taffy recalculation;Taffy recalculation;Taffy recalculation;Taffy recalculation;Taffy recalculation;Taffy recalculation;Taffy recalculation;Taffy recalculation;Taffy recalculation;Taffy recalculation;Taffy recalculation;Taffy recalculation;Taffy recalculation;Taffy recalculation;Taffy recalculation;Taffy recalculation;Taffy recalculation;Taffy recalculation;Taffy recalculation;Taffy recalculation;Taffy recalculation;Taffy recalculation;Taffy recalculation;Taffy recalculation;Taffy recalculation;Taffy recalculation
Scroll,Virtual,81,1,0.669167,37,82,118,37,false,Taffy recalculation;Taffy recalculation;Taffy recalculation;Taffy recalculation;Taffy recalculation;Taffy recalculation;Taffy recalculation;Taffy recalculation;Taffy recalculation;Taffy recalculation;Taffy recalculation;Taffy recalculation;Taffy recalculation;Taffy recalculation;Taffy recalculation;Taffy recalculation;Taffy recalculation;Taffy recalculation;Taffy recalculation;Taffy recalculation;Taffy recalculation;Taffy recalculation;Taffy recalculation;Taffy recalculation;Taffy recalculation;Taffy recalculation;Taffy recalculation;Taffy recalculation;Taffy recalculation;Taffy recalculation;Taffy recalculation;Taffy recalculation;Taffy recalculation;Taffy recalculation;Taffy recalculation;Taffy recalculation;Taffy recalculation
Scroll,Virtual,81,2,0.669167,37,82,118,0,false,
Scroll,Virtual,82,0,0.193292,37,82,118,0,false,
Scroll,Virtual,83,0,0.677667,37,83,119,37,false,Taffy recalculation;Taffy recalculation;Taffy recalculation;Taffy recalculation;Taffy recalculation;Taffy recalculation;Taffy recalculation;Taffy recalculation;Taffy recalculation;Taffy recalculation;Taffy recalculation;Taffy recalculation;Taffy recalculation;Taffy recalculation;Taffy recalculation;Taffy recalculation;Taffy recalculation;Taffy recalculation;Taffy recalculation;Taffy recalculation;Taffy recalculation;Taffy recalculation;Taffy recalculation;Taffy recalculation;Taffy recalculation;Taffy recalculation;Taffy recalculation;Taffy recalculation;Taffy recalculation;Taffy recalculation;Taffy recalculation;Taffy recalculation;Taffy recalculation;Taffy recalculation;Taffy recalculation;Taffy recalculation;Taffy recalculation
Scroll,Virtual,83,1,0.677667,37,84,120,37,false,Taffy recalculation;Taffy recalculation;Taffy recalculation;Taffy recalculation;Taffy recalculation;Taffy recalculation;Taffy recalculation;Taffy recalculation;Taffy recalculation;Taffy recalculation;Taffy recalculation;Taffy recalculation;Taffy recalculation;Taffy recalculation;Taffy recalculation;Taffy recalculation;Taffy recalculation;Taffy recalculation;Taffy recalculation;Taffy recalculation;Taffy recalculation;Taffy recalculation;Taffy recalculation;Taffy recalculation;Taffy recalculation;Taffy recalculation;Taffy recalculation;Taffy recalculation;Taffy recalculation;Taffy recalculation;Taffy recalculation;Taffy recalculation;Taffy recalculation;Taffy recalculation;Taffy recalculation;Taffy recalculation;Taffy recalculation
Scroll,Virtual,83,2,0.677667,37,84,120,0,false,
Scroll,Virtual,84,0,0.231792,37,84,120,0,false,
Scroll,Virtual,85,0,0.621500,37,85,121,37,false,Taffy recalculation;Taffy recalculation;Taffy recalculation;Taffy recalculation;Taffy recalculation;Taffy recalculation;Taffy recalculation;Taffy recalculation;Taffy recalculation;Taffy recalculation;Taffy recalculation;Taffy recalculation;Taffy recalculation;Taffy recalculation;Taffy recalculation;Taffy recalculation;Taffy recalculation;Taffy recalculation;Taffy recalculation;Taffy recalculation;Taffy recalculation;Taffy recalculation;Taffy recalculation;Taffy recalculation;Taffy recalculation;Taffy recalculation;Taffy recalculation;Taffy recalculation;Taffy recalculation;Taffy recalculation;Taffy recalculation;Taffy recalculation;Taffy recalculation;Taffy recalculation;Taffy recalculation;Taffy recalculation;Taffy recalculation
Scroll,Virtual,85,1,0.621500,37,86,122,37,false,Taffy recalculation;Taffy recalculation;Taffy recalculation;Taffy recalculation;Taffy recalculation;Taffy recalculation;Taffy recalculation;Taffy recalculation;Taffy recalculation;Taffy recalculation;Taffy recalculation;Taffy recalculation;Taffy recalculation;Taffy recalculation;Taffy recalculation;Taffy recalculation;Taffy recalculation;Taffy recalculation;Taffy recalculation;Taffy recalculation;Taffy recalculation;Taffy recalculation;Taffy recalculation;Taffy recalculation;Taffy recalculation;Taffy recalculation;Taffy recalculation;Taffy recalculation;Taffy recalculation;Taffy recalculation;Taffy recalculation;Taffy recalculation;Taffy recalculation;Taffy recalculation;Taffy recalculation;Taffy recalculation;Taffy recalculation
Scroll,Virtual,85,2,0.621500,37,86,122,0,false,
Scroll,Virtual,86,0,0.250500,37,86,122,0,false,
Scroll,Virtual,87,0,0.619208,37,87,123,37,false,Taffy recalculation;Taffy recalculation;Taffy recalculation;Taffy recalculation;Taffy recalculation;Taffy recalculation;Taffy recalculation;Taffy recalculation;Taffy recalculation;Taffy recalculation;Taffy recalculation;Taffy recalculation;Taffy recalculation;Taffy recalculation;Taffy recalculation;Taffy recalculation;Taffy recalculation;Taffy recalculation;Taffy recalculation;Taffy recalculation;Taffy recalculation;Taffy recalculation;Taffy recalculation;Taffy recalculation;Taffy recalculation;Taffy recalculation;Taffy recalculation;Taffy recalculation;Taffy recalculation;Taffy recalculation;Taffy recalculation;Taffy recalculation;Taffy recalculation;Taffy recalculation;Taffy recalculation;Taffy recalculation;Taffy recalculation
Scroll,Virtual,87,1,0.619208,37,88,124,37,false,Taffy recalculation;Taffy recalculation;Taffy recalculation;Taffy recalculation;Taffy recalculation;Taffy recalculation;Taffy recalculation;Taffy recalculation;Taffy recalculation;Taffy recalculation;Taffy recalculation;Taffy recalculation;Taffy recalculation;Taffy recalculation;Taffy recalculation;Taffy recalculation;Taffy recalculation;Taffy recalculation;Taffy recalculation;Taffy recalculation;Taffy recalculation;Taffy recalculation;Taffy recalculation;Taffy recalculation;Taffy recalculation;Taffy recalculation;Taffy recalculation;Taffy recalculation;Taffy recalculation;Taffy recalculation;Taffy recalculation;Taffy recalculation;Taffy recalculation;Taffy recalculation;Taffy recalculation;Taffy recalculation;Taffy recalculation
Scroll,Virtual,87,2,0.619208,37,88,124,0,false,
Scroll,Virtual,88,0,0.177750,37,88,124,0,false,
Scroll,Virtual,89,0,0.663333,37,89,125,37,false,Taffy recalculation;Taffy recalculation;Taffy recalculation;Taffy recalculation;Taffy recalculation;Taffy recalculation;Taffy recalculation;Taffy recalculation;Taffy recalculation;Taffy recalculation;Taffy recalculation;Taffy recalculation;Taffy recalculation;Taffy recalculation;Taffy recalculation;Taffy recalculation;Taffy recalculation;Taffy recalculation;Taffy recalculation;Taffy recalculation;Taffy recalculation;Taffy recalculation;Taffy recalculation;Taffy recalculation;Taffy recalculation;Taffy recalculation;Taffy recalculation;Taffy recalculation;Taffy recalculation;Taffy recalculation;Taffy recalculation;Taffy recalculation;Taffy recalculation;Taffy recalculation;Taffy recalculation;Taffy recalculation;Taffy recalculation
Scroll,Virtual,89,1,0.663333,37,90,126,37,false,Taffy recalculation;Taffy recalculation;Taffy recalculation;Taffy recalculation;Taffy recalculation;Taffy recalculation;Taffy recalculation;Taffy recalculation;Taffy recalculation;Taffy recalculation;Taffy recalculation;Taffy recalculation;Taffy recalculation;Taffy recalculation;Taffy recalculation;Taffy recalculation;Taffy recalculation;Taffy recalculation;Taffy recalculation;Taffy recalculation;Taffy recalculation;Taffy recalculation;Taffy recalculation;Taffy recalculation;Taffy recalculation;Taffy recalculation;Taffy recalculation;Taffy recalculation;Taffy recalculation;Taffy recalculation;Taffy recalculation;Taffy recalculation;Taffy recalculation;Taffy recalculation;Taffy recalculation;Taffy recalculation;Taffy recalculation
Scroll,Virtual,89,2,0.663333,37,90,126,0,false,
Scroll,Virtual,90,0,0.222666,37,90,126,0,false,
Scroll,Virtual,91,0,0.612542,37,91,127,37,false,Taffy recalculation;Taffy recalculation;Taffy recalculation;Taffy recalculation;Taffy recalculation;Taffy recalculation;Taffy recalculation;Taffy recalculation;Taffy recalculation;Taffy recalculation;Taffy recalculation;Taffy recalculation;Taffy recalculation;Taffy recalculation;Taffy recalculation;Taffy recalculation;Taffy recalculation;Taffy recalculation;Taffy recalculation;Taffy recalculation;Taffy recalculation;Taffy recalculation;Taffy recalculation;Taffy recalculation;Taffy recalculation;Taffy recalculation;Taffy recalculation;Taffy recalculation;Taffy recalculation;Taffy recalculation;Taffy recalculation;Taffy recalculation;Taffy recalculation;Taffy recalculation;Taffy recalculation;Taffy recalculation;Taffy recalculation
Scroll,Virtual,91,1,0.612542,37,92,128,37,false,Taffy recalculation;Taffy recalculation;Taffy recalculation;Taffy recalculation;Taffy recalculation;Taffy recalculation;Taffy recalculation;Taffy recalculation;Taffy recalculation;Taffy recalculation;Taffy recalculation;Taffy recalculation;Taffy recalculation;Taffy recalculation;Taffy recalculation;Taffy recalculation;Taffy recalculation;Taffy recalculation;Taffy recalculation;Taffy recalculation;Taffy recalculation;Taffy recalculation;Taffy recalculation;Taffy recalculation;Taffy recalculation;Taffy recalculation;Taffy recalculation;Taffy recalculation;Taffy recalculation;Taffy recalculation;Taffy recalculation;Taffy recalculation;Taffy recalculation;Taffy recalculation;Taffy recalculation;Taffy recalculation;Taffy recalculation
Scroll,Virtual,91,2,0.612542,37,92,128,0,false,
Scroll,Virtual,92,0,0.247000,37,92,128,0,false,
Scroll,Virtual,93,0,0.685209,37,93,129,37,false,Taffy recalculation;Taffy recalculation;Taffy recalculation;Taffy recalculation;Taffy recalculation;Taffy recalculation;Taffy recalculation;Taffy recalculation;Taffy recalculation;Taffy recalculation;Taffy recalculation;Taffy recalculation;Taffy recalculation;Taffy recalculation;Taffy recalculation;Taffy recalculation;Taffy recalculation;Taffy recalculation;Taffy recalculation;Taffy recalculation;Taffy recalculation;Taffy recalculation;Taffy recalculation;Taffy recalculation;Taffy recalculation;Taffy recalculation;Taffy recalculation;Taffy recalculation;Taffy recalculation;Taffy recalculation;Taffy recalculation;Taffy recalculation;Taffy recalculation;Taffy recalculation;Taffy recalculation;Taffy recalculation;Taffy recalculation
Scroll,Virtual,93,1,0.685209,37,94,130,37,false,Taffy recalculation;Taffy recalculation;Taffy recalculation;Taffy recalculation;Taffy recalculation;Taffy recalculation;Taffy recalculation;Taffy recalculation;Taffy recalculation;Taffy recalculation;Taffy recalculation;Taffy recalculation;Taffy recalculation;Taffy recalculation;Taffy recalculation;Taffy recalculation;Taffy recalculation;Taffy recalculation;Taffy recalculation;Taffy recalculation;Taffy recalculation;Taffy recalculation;Taffy recalculation;Taffy recalculation;Taffy recalculation;Taffy recalculation;Taffy recalculation;Taffy recalculation;Taffy recalculation;Taffy recalculation;Taffy recalculation;Taffy recalculation;Taffy recalculation;Taffy recalculation;Taffy recalculation;Taffy recalculation;Taffy recalculation
Scroll,Virtual,93,2,0.685209,37,94,130,0,false,
Scroll,Virtual,94,0,0.200875,37,94,130,0,false,
Scroll,Virtual,95,0,0.703292,37,95,131,37,false,Taffy recalculation;Taffy recalculation;Taffy recalculation;Taffy recalculation;Taffy recalculation;Taffy recalculation;Taffy recalculation;Taffy recalculation;Taffy recalculation;Taffy recalculation;Taffy recalculation;Taffy recalculation;Taffy recalculation;Taffy recalculation;Taffy recalculation;Taffy recalculation;Taffy recalculation;Taffy recalculation;Taffy recalculation;Taffy recalculation;Taffy recalculation;Taffy recalculation;Taffy recalculation;Taffy recalculation;Taffy recalculation;Taffy recalculation;Taffy recalculation;Taffy recalculation;Taffy recalculation;Taffy recalculation;Taffy recalculation;Taffy recalculation;Taffy recalculation;Taffy recalculation;Taffy recalculation;Taffy recalculation;Taffy recalculation
Scroll,Virtual,95,1,0.703292,37,96,132,37,false,Taffy recalculation;Taffy recalculation;Taffy recalculation;Taffy recalculation;Taffy recalculation;Taffy recalculation;Taffy recalculation;Taffy recalculation;Taffy recalculation;Taffy recalculation;Taffy recalculation;Taffy recalculation;Taffy recalculation;Taffy recalculation;Taffy recalculation;Taffy recalculation;Taffy recalculation;Taffy recalculation;Taffy recalculation;Taffy recalculation;Taffy recalculation;Taffy recalculation;Taffy recalculation;Taffy recalculation;Taffy recalculation;Taffy recalculation;Taffy recalculation;Taffy recalculation;Taffy recalculation;Taffy recalculation;Taffy recalculation;Taffy recalculation;Taffy recalculation;Taffy recalculation;Taffy recalculation;Taffy recalculation;Taffy recalculation
Scroll,Virtual,95,2,0.703292,37,96,132,0,false,
Scroll,Virtual,96,0,0.232917,37,96,132,0,false,
Scroll,Virtual,97,0,0.649792,37,97,133,37,false,Taffy recalculation;Taffy recalculation;Taffy recalculation;Taffy recalculation;Taffy recalculation;Taffy recalculation;Taffy recalculation;Taffy recalculation;Taffy recalculation;Taffy recalculation;Taffy recalculation;Taffy recalculation;Taffy recalculation;Taffy recalculation;Taffy recalculation;Taffy recalculation;Taffy recalculation;Taffy recalculation;Taffy recalculation;Taffy recalculation;Taffy recalculation;Taffy recalculation;Taffy recalculation;Taffy recalculation;Taffy recalculation;Taffy recalculation;Taffy recalculation;Taffy recalculation;Taffy recalculation;Taffy recalculation;Taffy recalculation;Taffy recalculation;Taffy recalculation;Taffy recalculation;Taffy recalculation;Taffy recalculation;Taffy recalculation
Scroll,Virtual,97,1,0.649792,37,98,134,37,false,Taffy recalculation;Taffy recalculation;Taffy recalculation;Taffy recalculation;Taffy recalculation;Taffy recalculation;Taffy recalculation;Taffy recalculation;Taffy recalculation;Taffy recalculation;Taffy recalculation;Taffy recalculation;Taffy recalculation;Taffy recalculation;Taffy recalculation;Taffy recalculation;Taffy recalculation;Taffy recalculation;Taffy recalculation;Taffy recalculation;Taffy recalculation;Taffy recalculation;Taffy recalculation;Taffy recalculation;Taffy recalculation;Taffy recalculation;Taffy recalculation;Taffy recalculation;Taffy recalculation;Taffy recalculation;Taffy recalculation;Taffy recalculation;Taffy recalculation;Taffy recalculation;Taffy recalculation;Taffy recalculation;Taffy recalculation
Scroll,Virtual,97,2,0.649792,37,98,134,0,false,
Scroll,Virtual,98,0,0.252250,37,98,134,0,false,
Scroll,Virtual,99,0,0.671125,37,99,135,37,false,Taffy recalculation;Taffy recalculation;Taffy recalculation;Taffy recalculation;Taffy recalculation;Taffy recalculation;Taffy recalculation;Taffy recalculation;Taffy recalculation;Taffy recalculation;Taffy recalculation;Taffy recalculation;Taffy recalculation;Taffy recalculation;Taffy recalculation;Taffy recalculation;Taffy recalculation;Taffy recalculation;Taffy recalculation;Taffy recalculation;Taffy recalculation;Taffy recalculation;Taffy recalculation;Taffy recalculation;Taffy recalculation;Taffy recalculation;Taffy recalculation;Taffy recalculation;Taffy recalculation;Taffy recalculation;Taffy recalculation;Taffy recalculation;Taffy recalculation;Taffy recalculation;Taffy recalculation;Taffy recalculation;Taffy recalculation
Scroll,Virtual,99,1,0.671125,37,100,136,37,false,Taffy recalculation;Taffy recalculation;Taffy recalculation;Taffy recalculation;Taffy recalculation;Taffy recalculation;Taffy recalculation;Taffy recalculation;Taffy recalculation;Taffy recalculation;Taffy recalculation;Taffy recalculation;Taffy recalculation;Taffy recalculation;Taffy recalculation;Taffy recalculation;Taffy recalculation;Taffy recalculation;Taffy recalculation;Taffy recalculation;Taffy recalculation;Taffy recalculation;Taffy recalculation;Taffy recalculation;Taffy recalculation;Taffy recalculation;Taffy recalculation;Taffy recalculation;Taffy recalculation;Taffy recalculation;Taffy recalculation;Taffy recalculation;Taffy recalculation;Taffy recalculation;Taffy recalculation;Taffy recalculation;Taffy recalculation
Scroll,Virtual,99,2,0.671125,37,100,136,0,false,
Scroll,Virtual,100,0,0.192625,37,100,136,0,false,
Scroll,Virtual,101,0,0.680625,37,101,137,37,false,Taffy recalculation;Taffy recalculation;Taffy recalculation;Taffy recalculation;Taffy recalculation;Taffy recalculation;Taffy recalculation;Taffy recalculation;Taffy recalculation;Taffy recalculation;Taffy recalculation;Taffy recalculation;Taffy recalculation;Taffy recalculation;Taffy recalculation;Taffy recalculation;Taffy recalculation;Taffy recalculation;Taffy recalculation;Taffy recalculation;Taffy recalculation;Taffy recalculation;Taffy recalculation;Taffy recalculation;Taffy recalculation;Taffy recalculation;Taffy recalculation;Taffy recalculation;Taffy recalculation;Taffy recalculation;Taffy recalculation;Taffy recalculation;Taffy recalculation;Taffy recalculation;Taffy recalculation;Taffy recalculation;Taffy recalculation
Scroll,Virtual,101,1,0.680625,37,102,138,37,false,Taffy recalculation;Taffy recalculation;Taffy recalculation;Taffy recalculation;Taffy recalculation;Taffy recalculation;Taffy recalculation;Taffy recalculation;Taffy recalculation;Taffy recalculation;Taffy recalculation;Taffy recalculation;Taffy recalculation;Taffy recalculation;Taffy recalculation;Taffy recalculation;Taffy recalculation;Taffy recalculation;Taffy recalculation;Taffy recalculation;Taffy recalculation;Taffy recalculation;Taffy recalculation;Taffy recalculation;Taffy recalculation;Taffy recalculation;Taffy recalculation;Taffy recalculation;Taffy recalculation;Taffy recalculation;Taffy recalculation;Taffy recalculation;Taffy recalculation;Taffy recalculation;Taffy recalculation;Taffy recalculation;Taffy recalculation
Scroll,Virtual,101,2,0.680625,37,102,138,0,false,
Scroll,Virtual,102,0,0.409417,37,102,138,0,false,
Scroll,Virtual,103,0,0.667167,37,103,139,37,false,Taffy recalculation;Taffy recalculation;Taffy recalculation;Taffy recalculation;Taffy recalculation;Taffy recalculation;Taffy recalculation;Taffy recalculation;Taffy recalculation;Taffy recalculation;Taffy recalculation;Taffy recalculation;Taffy recalculation;Taffy recalculation;Taffy recalculation;Taffy recalculation;Taffy recalculation;Taffy recalculation;Taffy recalculation;Taffy recalculation;Taffy recalculation;Taffy recalculation;Taffy recalculation;Taffy recalculation;Taffy recalculation;Taffy recalculation;Taffy recalculation;Taffy recalculation;Taffy recalculation;Taffy recalculation;Taffy recalculation;Taffy recalculation;Taffy recalculation;Taffy recalculation;Taffy recalculation;Taffy recalculation;Taffy recalculation
Scroll,Virtual,103,1,0.667167,37,104,140,37,false,Taffy recalculation;Taffy recalculation;Taffy recalculation;Taffy recalculation;Taffy recalculation;Taffy recalculation;Taffy recalculation;Taffy recalculation;Taffy recalculation;Taffy recalculation;Taffy recalculation;Taffy recalculation;Taffy recalculation;Taffy recalculation;Taffy recalculation;Taffy recalculation;Taffy recalculation;Taffy recalculation;Taffy recalculation;Taffy recalculation;Taffy recalculation;Taffy recalculation;Taffy recalculation;Taffy recalculation;Taffy recalculation;Taffy recalculation;Taffy recalculation;Taffy recalculation;Taffy recalculation;Taffy recalculation;Taffy recalculation;Taffy recalculation;Taffy recalculation;Taffy recalculation;Taffy recalculation;Taffy recalculation;Taffy recalculation
Scroll,Virtual,103,2,0.667167,37,104,140,0,false,
Scroll,Virtual,104,0,0.255708,37,104,140,0,false,
Scroll,Virtual,105,0,0.698292,37,105,141,37,false,Taffy recalculation;Taffy recalculation;Taffy recalculation;Taffy recalculation;Taffy recalculation;Taffy recalculation;Taffy recalculation;Taffy recalculation;Taffy recalculation;Taffy recalculation;Taffy recalculation;Taffy recalculation;Taffy recalculation;Taffy recalculation;Taffy recalculation;Taffy recalculation;Taffy recalculation;Taffy recalculation;Taffy recalculation;Taffy recalculation;Taffy recalculation;Taffy recalculation;Taffy recalculation;Taffy recalculation;Taffy recalculation;Taffy recalculation;Taffy recalculation;Taffy recalculation;Taffy recalculation;Taffy recalculation;Taffy recalculation;Taffy recalculation;Taffy recalculation;Taffy recalculation;Taffy recalculation;Taffy recalculation;Taffy recalculation
Scroll,Virtual,105,1,0.698292,37,106,142,37,false,Taffy recalculation;Taffy recalculation;Taffy recalculation;Taffy recalculation;Taffy recalculation;Taffy recalculation;Taffy recalculation;Taffy recalculation;Taffy recalculation;Taffy recalculation;Taffy recalculation;Taffy recalculation;Taffy recalculation;Taffy recalculation;Taffy recalculation;Taffy recalculation;Taffy recalculation;Taffy recalculation;Taffy recalculation;Taffy recalculation;Taffy recalculation;Taffy recalculation;Taffy recalculation;Taffy recalculation;Taffy recalculation;Taffy recalculation;Taffy recalculation;Taffy recalculation;Taffy recalculation;Taffy recalculation;Taffy recalculation;Taffy recalculation;Taffy recalculation;Taffy recalculation;Taffy recalculation;Taffy recalculation;Taffy recalculation
Scroll,Virtual,105,2,0.698292,37,106,142,0,false,
Scroll,Virtual,106,0,0.194292,37,106,142,0,false,
Scroll,Virtual,107,0,0.679542,37,107,143,37,false,Taffy recalculation;Taffy recalculation;Taffy recalculation;Taffy recalculation;Taffy recalculation;Taffy recalculation;Taffy recalculation;Taffy recalculation;Taffy recalculation;Taffy recalculation;Taffy recalculation;Taffy recalculation;Taffy recalculation;Taffy recalculation;Taffy recalculation;Taffy recalculation;Taffy recalculation;Taffy recalculation;Taffy recalculation;Taffy recalculation;Taffy recalculation;Taffy recalculation;Taffy recalculation;Taffy recalculation;Taffy recalculation;Taffy recalculation;Taffy recalculation;Taffy recalculation;Taffy recalculation;Taffy recalculation;Taffy recalculation;Taffy recalculation;Taffy recalculation;Taffy recalculation;Taffy recalculation;Taffy recalculation;Taffy recalculation
Scroll,Virtual,107,1,0.679542,37,108,144,37,false,Taffy recalculation;Taffy recalculation;Taffy recalculation;Taffy recalculation;Taffy recalculation;Taffy recalculation;Taffy recalculation;Taffy recalculation;Taffy recalculation;Taffy recalculation;Taffy recalculation;Taffy recalculation;Taffy recalculation;Taffy recalculation;Taffy recalculation;Taffy recalculation;Taffy recalculation;Taffy recalculation;Taffy recalculation;Taffy recalculation;Taffy recalculation;Taffy recalculation;Taffy recalculation;Taffy recalculation;Taffy recalculation;Taffy recalculation;Taffy recalculation;Taffy recalculation;Taffy recalculation;Taffy recalculation;Taffy recalculation;Taffy recalculation;Taffy recalculation;Taffy recalculation;Taffy recalculation;Taffy recalculation;Taffy recalculation
Scroll,Virtual,107,2,0.679542,37,108,144,0,false,
Scroll,Virtual,108,0,0.246125,37,108,144,0,false,
Scroll,Virtual,109,0,0.615167,37,109,145,37,false,Taffy recalculation;Taffy recalculation;Taffy recalculation;Taffy recalculation;Taffy recalculation;Taffy recalculation;Taffy recalculation;Taffy recalculation;Taffy recalculation;Taffy recalculation;Taffy recalculation;Taffy recalculation;Taffy recalculation;Taffy recalculation;Taffy recalculation;Taffy recalculation;Taffy recalculation;Taffy recalculation;Taffy recalculation;Taffy recalculation;Taffy recalculation;Taffy recalculation;Taffy recalculation;Taffy recalculation;Taffy recalculation;Taffy recalculation;Taffy recalculation;Taffy recalculation;Taffy recalculation;Taffy recalculation;Taffy recalculation;Taffy recalculation;Taffy recalculation;Taffy recalculation;Taffy recalculation;Taffy recalculation;Taffy recalculation
Scroll,Virtual,109,1,0.615167,37,110,146,37,false,Taffy recalculation;Taffy recalculation;Taffy recalculation;Taffy recalculation;Taffy recalculation;Taffy recalculation;Taffy recalculation;Taffy recalculation;Taffy recalculation;Taffy recalculation;Taffy recalculation;Taffy recalculation;Taffy recalculation;Taffy recalculation;Taffy recalculation;Taffy recalculation;Taffy recalculation;Taffy recalculation;Taffy recalculation;Taffy recalculation;Taffy recalculation;Taffy recalculation;Taffy recalculation;Taffy recalculation;Taffy recalculation;Taffy recalculation;Taffy recalculation;Taffy recalculation;Taffy recalculation;Taffy recalculation;Taffy recalculation;Taffy recalculation;Taffy recalculation;Taffy recalculation;Taffy recalculation;Taffy recalculation;Taffy recalculation
Scroll,Virtual,109,2,0.615167,37,110,146,0,false,
Scroll,Virtual,110,0,0.255625,37,110,146,0,false,
Scroll,Virtual,111,0,0.676375,37,111,147,37,false,Taffy recalculation;Taffy recalculation;Taffy recalculation;Taffy recalculation;Taffy recalculation;Taffy recalculation;Taffy recalculation;Taffy recalculation;Taffy recalculation;Taffy recalculation;Taffy recalculation;Taffy recalculation;Taffy recalculation;Taffy recalculation;Taffy recalculation;Taffy recalculation;Taffy recalculation;Taffy recalculation;Taffy recalculation;Taffy recalculation;Taffy recalculation;Taffy recalculation;Taffy recalculation;Taffy recalculation;Taffy recalculation;Taffy recalculation;Taffy recalculation;Taffy recalculation;Taffy recalculation;Taffy recalculation;Taffy recalculation;Taffy recalculation;Taffy recalculation;Taffy recalculation;Taffy recalculation;Taffy recalculation;Taffy recalculation
Scroll,Virtual,111,1,0.676375,37,112,148,37,false,Taffy recalculation;Taffy recalculation;Taffy recalculation;Taffy recalculation;Taffy recalculation;Taffy recalculation;Taffy recalculation;Taffy recalculation;Taffy recalculation;Taffy recalculation;Taffy recalculation;Taffy recalculation;Taffy recalculation;Taffy recalculation;Taffy recalculation;Taffy recalculation;Taffy recalculation;Taffy recalculation;Taffy recalculation;Taffy recalculation;Taffy recalculation;Taffy recalculation;Taffy recalculation;Taffy recalculation;Taffy recalculation;Taffy recalculation;Taffy recalculation;Taffy recalculation;Taffy recalculation;Taffy recalculation;Taffy recalculation;Taffy recalculation;Taffy recalculation;Taffy recalculation;Taffy recalculation;Taffy recalculation;Taffy recalculation
Scroll,Virtual,111,2,0.676375,37,112,148,0,false,
Scroll,Virtual,112,0,0.191833,37,112,148,0,false,
Scroll,Virtual,113,0,0.674833,37,113,149,37,false,Taffy recalculation;Taffy recalculation;Taffy recalculation;Taffy recalculation;Taffy recalculation;Taffy recalculation;Taffy recalculation;Taffy recalculation;Taffy recalculation;Taffy recalculation;Taffy recalculation;Taffy recalculation;Taffy recalculation;Taffy recalculation;Taffy recalculation;Taffy recalculation;Taffy recalculation;Taffy recalculation;Taffy recalculation;Taffy recalculation;Taffy recalculation;Taffy recalculation;Taffy recalculation;Taffy recalculation;Taffy recalculation;Taffy recalculation;Taffy recalculation;Taffy recalculation;Taffy recalculation;Taffy recalculation;Taffy recalculation;Taffy recalculation;Taffy recalculation;Taffy recalculation;Taffy recalculation;Taffy recalculation;Taffy recalculation
Scroll,Virtual,113,1,0.674833,37,114,150,37,false,Taffy recalculation;Taffy recalculation;Taffy recalculation;Taffy recalculation;Taffy recalculation;Taffy recalculation;Taffy recalculation;Taffy recalculation;Taffy recalculation;Taffy recalculation;Taffy recalculation;Taffy recalculation;Taffy recalculation;Taffy recalculation;Taffy recalculation;Taffy recalculation;Taffy recalculation;Taffy recalculation;Taffy recalculation;Taffy recalculation;Taffy recalculation;Taffy recalculation;Taffy recalculation;Taffy recalculation;Taffy recalculation;Taffy recalculation;Taffy recalculation;Taffy recalculation;Taffy recalculation;Taffy recalculation;Taffy recalculation;Taffy recalculation;Taffy recalculation;Taffy recalculation;Taffy recalculation;Taffy recalculation;Taffy recalculation
Scroll,Virtual,113,2,0.674833,37,114,150,0,false,
Scroll,Virtual,114,0,0.237583,37,114,150,0,false,
Scroll,Virtual,115,0,0.613583,37,115,151,37,false,Taffy recalculation;Taffy recalculation;Taffy recalculation;Taffy recalculation;Taffy recalculation;Taffy recalculation;Taffy recalculation;Taffy recalculation;Taffy recalculation;Taffy recalculation;Taffy recalculation;Taffy recalculation;Taffy recalculation;Taffy recalculation;Taffy recalculation;Taffy recalculation;Taffy recalculation;Taffy recalculation;Taffy recalculation;Taffy recalculation;Taffy recalculation;Taffy recalculation;Taffy recalculation;Taffy recalculation;Taffy recalculation;Taffy recalculation;Taffy recalculation;Taffy recalculation;Taffy recalculation;Taffy recalculation;Taffy recalculation;Taffy recalculation;Taffy recalculation;Taffy recalculation;Taffy recalculation;Taffy recalculation;Taffy recalculation
Scroll,Virtual,115,1,0.613583,37,116,152,37,false,Taffy recalculation;Taffy recalculation;Taffy recalculation;Taffy recalculation;Taffy recalculation;Taffy recalculation;Taffy recalculation;Taffy recalculation;Taffy recalculation;Taffy recalculation;Taffy recalculation;Taffy recalculation;Taffy recalculation;Taffy recalculation;Taffy recalculation;Taffy recalculation;Taffy recalculation;Taffy recalculation;Taffy recalculation;Taffy recalculation;Taffy recalculation;Taffy recalculation;Taffy recalculation;Taffy recalculation;Taffy recalculation;Taffy recalculation;Taffy recalculation;Taffy recalculation;Taffy recalculation;Taffy recalculation;Taffy recalculation;Taffy recalculation;Taffy recalculation;Taffy recalculation;Taffy recalculation;Taffy recalculation;Taffy recalculation
Scroll,Virtual,115,2,0.613583,37,116,152,0,false,
Scroll,Virtual,116,0,0.242292,37,116,152,0,false,
Scroll,Virtual,117,0,0.695625,37,117,153,37,false,Taffy recalculation;Taffy recalculation;Taffy recalculation;Taffy recalculation;Taffy recalculation;Taffy recalculation;Taffy recalculation;Taffy recalculation;Taffy recalculation;Taffy recalculation;Taffy recalculation;Taffy recalculation;Taffy recalculation;Taffy recalculation;Taffy recalculation;Taffy recalculation;Taffy recalculation;Taffy recalculation;Taffy recalculation;Taffy recalculation;Taffy recalculation;Taffy recalculation;Taffy recalculation;Taffy recalculation;Taffy recalculation;Taffy recalculation;Taffy recalculation;Taffy recalculation;Taffy recalculation;Taffy recalculation;Taffy recalculation;Taffy recalculation;Taffy recalculation;Taffy recalculation;Taffy recalculation;Taffy recalculation;Taffy recalculation
Scroll,Virtual,117,1,0.695625,37,118,154,37,false,Taffy recalculation;Taffy recalculation;Taffy recalculation;Taffy recalculation;Taffy recalculation;Taffy recalculation;Taffy recalculation;Taffy recalculation;Taffy recalculation;Taffy recalculation;Taffy recalculation;Taffy recalculation;Taffy recalculation;Taffy recalculation;Taffy recalculation;Taffy recalculation;Taffy recalculation;Taffy recalculation;Taffy recalculation;Taffy recalculation;Taffy recalculation;Taffy recalculation;Taffy recalculation;Taffy recalculation;Taffy recalculation;Taffy recalculation;Taffy recalculation;Taffy recalculation;Taffy recalculation;Taffy recalculation;Taffy recalculation;Taffy recalculation;Taffy recalculation;Taffy recalculation;Taffy recalculation;Taffy recalculation;Taffy recalculation
Scroll,Virtual,117,2,0.695625,37,118,154,0,false,
Scroll,Virtual,118,0,0.217709,37,118,154,0,false,
Scroll,Virtual,119,0,0.686458,37,119,155,37,false,Taffy recalculation;Taffy recalculation;Taffy recalculation;Taffy recalculation;Taffy recalculation;Taffy recalculation;Taffy recalculation;Taffy recalculation;Taffy recalculation;Taffy recalculation;Taffy recalculation;Taffy recalculation;Taffy recalculation;Taffy recalculation;Taffy recalculation;Taffy recalculation;Taffy recalculation;Taffy recalculation;Taffy recalculation;Taffy recalculation;Taffy recalculation;Taffy recalculation;Taffy recalculation;Taffy recalculation;Taffy recalculation;Taffy recalculation;Taffy recalculation;Taffy recalculation;Taffy recalculation;Taffy recalculation;Taffy recalculation;Taffy recalculation;Taffy recalculation;Taffy recalculation;Taffy recalculation;Taffy recalculation;Taffy recalculation
Scroll,Virtual,119,1,0.686458,37,120,156,37,false,Taffy recalculation;Taffy recalculation;Taffy recalculation;Taffy recalculation;Taffy recalculation;Taffy recalculation;Taffy recalculation;Taffy recalculation;Taffy recalculation;Taffy recalculation;Taffy recalculation;Taffy recalculation;Taffy recalculation;Taffy recalculation;Taffy recalculation;Taffy recalculation;Taffy recalculation;Taffy recalculation;Taffy recalculation;Taffy recalculation;Taffy recalculation;Taffy recalculation;Taffy recalculation;Taffy recalculation;Taffy recalculation;Taffy recalculation;Taffy recalculation;Taffy recalculation;Taffy recalculation;Taffy recalculation;Taffy recalculation;Taffy recalculation;Taffy recalculation;Taffy recalculation;Taffy recalculation;Taffy recalculation;Taffy recalculation
Scroll,Virtual,119,2,0.686458,37,120,156,0,false,
Scroll,Plain,0,0,0.112042,37,0,36,0,false,
Scroll,Plain,1,0,0.117166,37,1,37,0,false,
Scroll,Plain,2,0,0.131166,37,2,38,0,false,
Scroll,Plain,3,0,0.137084,37,3,39,0,false,
Scroll,Plain,4,0,0.122875,37,4,40,0,false,
Scroll,Plain,5,0,0.143542,37,5,41,0,false,
Scroll,Plain,6,0,0.137375,37,6,42,0,false,
Scroll,Plain,7,0,0.112583,37,7,43,0,false,
Scroll,Plain,8,0,0.127250,37,8,44,0,false,
Scroll,Plain,9,0,0.123000,37,9,45,0,false,
Scroll,Plain,10,0,0.120000,37,10,46,0,false,
Scroll,Plain,11,0,0.181083,37,11,47,0,false,
Scroll,Plain,12,0,0.136542,37,12,48,0,false,
Scroll,Plain,13,0,0.110667,37,13,49,0,false,
Scroll,Plain,14,0,0.144000,37,14,50,0,false,
Scroll,Plain,15,0,0.198583,37,15,51,0,false,
Scroll,Plain,16,0,0.170750,37,16,52,0,false,
Scroll,Plain,17,0,0.306333,37,17,53,0,false,
Scroll,Plain,18,0,0.133000,37,18,54,0,false,
Scroll,Plain,19,0,0.115833,37,19,55,0,false,
Scroll,Plain,20,0,0.142083,37,20,56,0,false,
Scroll,Plain,21,0,0.129750,37,21,57,0,false,
Scroll,Plain,22,0,0.114500,37,22,58,0,false,
Scroll,Plain,23,0,0.153875,37,23,59,0,false,
Scroll,Plain,24,0,0.135750,37,24,60,0,false,
Scroll,Plain,25,0,0.114750,37,25,61,0,false,
Scroll,Plain,26,0,0.334666,37,26,62,0,false,
Scroll,Plain,27,0,0.130125,37,27,63,0,false,
Scroll,Plain,28,0,0.115000,37,28,64,0,false,
Scroll,Plain,29,0,0.140667,37,29,65,0,false,
Scroll,Plain,30,0,0.141750,37,30,66,0,false,
Scroll,Plain,31,0,0.116541,37,31,67,0,false,
Scroll,Plain,32,0,0.135458,37,32,68,0,false,
Scroll,Plain,33,0,0.128583,37,33,69,0,false,
Scroll,Plain,34,0,0.110542,37,34,70,0,false,
Scroll,Plain,35,0,0.141958,37,35,71,0,false,
Scroll,Plain,36,0,0.183000,37,36,72,0,false,
Scroll,Plain,37,0,0.119292,37,37,73,0,false,
Scroll,Plain,38,0,0.189333,37,38,74,0,false,
Scroll,Plain,39,0,0.143875,37,39,75,0,false,
Scroll,Plain,40,0,0.122209,37,40,76,0,false,
Scroll,Plain,41,0,0.169208,37,41,77,0,false,
Scroll,Plain,42,0,0.192209,37,42,78,0,false,
Scroll,Plain,43,0,0.118667,37,43,79,0,false,
Scroll,Plain,44,0,0.360250,37,44,80,0,false,
Scroll,Plain,45,0,0.125042,37,45,81,0,false,
Scroll,Plain,46,0,0.114500,37,46,82,0,false,
Scroll,Plain,47,0,0.142916,37,47,83,0,false,
Scroll,Plain,48,0,0.132792,37,48,84,0,false,
Scroll,Plain,49,0,0.121458,37,49,85,0,false,
Scroll,Plain,50,0,0.148041,37,50,86,0,false,
Scroll,Plain,51,0,0.128292,37,51,87,0,false,
Scroll,Plain,52,0,0.115042,37,52,88,0,false,
Scroll,Plain,53,0,0.140667,37,53,89,0,false,
Scroll,Plain,54,0,0.134500,37,54,90,0,false,
Scroll,Plain,55,0,0.111333,37,55,91,0,false,
Scroll,Plain,56,0,0.316000,37,56,92,0,false,
Scroll,Plain,57,0,0.132125,37,57,93,0,false,
Scroll,Plain,58,0,0.156417,37,58,94,0,false,
Scroll,Plain,59,0,0.133792,37,59,95,0,false,
Scroll,Plain,60,0,0.132958,37,60,96,0,false,
Scroll,Plain,61,0,0.122250,37,61,97,0,false,
Scroll,Plain,62,0,0.156625,37,62,98,0,false,
Scroll,Plain,63,0,0.138166,37,63,99,0,false,
Scroll,Plain,64,0,0.138750,37,64,100,0,false,
Scroll,Plain,65,0,0.179667,37,65,101,0,false,
Scroll,Plain,66,0,0.153959,37,66,102,0,false,
Scroll,Plain,67,0,0.135417,37,67,103,0,false,
Scroll,Plain,68,0,0.161333,37,68,104,0,false,
Scroll,Plain,69,0,0.143625,37,69,105,0,false,
Scroll,Plain,70,0,0.123375,37,70,106,0,false,
Scroll,Plain,71,0,0.157833,37,71,107,0,false,
Scroll,Plain,72,0,0.170708,37,72,108,0,false,
Scroll,Plain,73,0,0.124625,37,73,109,0,false,
Scroll,Plain,74,0,0.144000,37,74,110,0,false,
Scroll,Plain,75,0,0.135625,37,75,111,0,false,
Scroll,Plain,76,0,0.103791,37,76,112,0,false,
Scroll,Plain,77,0,0.142709,37,77,113,0,false,
Scroll,Plain,78,0,0.136083,37,78,114,0,false,
Scroll,Plain,79,0,0.172125,37,79,115,0,false,
Scroll,Plain,80,0,0.350542,37,80,116,0,false,
Scroll,Plain,81,0,0.140458,37,81,117,0,false,
Scroll,Plain,82,0,0.110666,37,82,118,0,false,
Scroll,Plain,83,0,0.148375,37,83,119,0,false,
Scroll,Plain,84,0,0.125584,37,84,120,0,false,
Scroll,Plain,85,0,0.129458,37,85,121,0,false,
Scroll,Plain,86,0,0.155208,37,86,122,0,false,
Scroll,Plain,87,0,0.118458,37,87,123,0,false,
Scroll,Plain,88,0,0.103125,37,88,124,0,false,
Scroll,Plain,89,0,0.138709,37,89,125,0,false,
Scroll,Plain,90,0,0.133625,37,90,126,0,false,
Scroll,Plain,91,0,0.115875,37,91,127,0,false,
Scroll,Plain,92,0,0.140083,37,92,128,0,false,
Scroll,Plain,93,0,0.141125,37,93,129,0,false,
Scroll,Plain,94,0,0.112875,37,94,130,0,false,
Scroll,Plain,95,0,0.161958,37,95,131,0,false,
Scroll,Plain,96,0,0.216208,37,96,132,0,false,
Scroll,Plain,97,0,0.176333,37,97,133,0,false,
Scroll,Plain,98,0,0.327333,37,98,134,0,false,
Scroll,Plain,99,0,0.131042,37,99,135,0,false,
Scroll,Plain,100,0,0.111625,37,100,136,0,false,
Scroll,Plain,101,0,0.138916,37,101,137,0,false,
Scroll,Plain,102,0,0.189666,37,102,138,0,false,
Scroll,Plain,103,0,0.162833,37,103,139,0,false,
Scroll,Plain,104,0,0.196000,37,104,140,0,false,
Scroll,Plain,105,0,0.130167,37,105,141,0,false,
Scroll,Plain,106,0,0.116666,37,106,142,0,false,
Scroll,Plain,107,0,0.145250,37,107,143,0,false,
Scroll,Plain,108,0,0.131750,37,108,144,0,false,
Scroll,Plain,109,0,0.114375,37,109,145,0,false,
Scroll,Plain,110,0,0.168250,37,110,146,0,false,
Scroll,Plain,111,0,0.127084,37,111,147,0,false,
Scroll,Plain,112,0,0.115834,37,112,148,0,false,
Scroll,Plain,113,0,0.172917,37,113,149,0,false,
Scroll,Plain,114,0,0.136333,37,114,150,0,false,
Scroll,Plain,115,0,0.120208,37,115,151,0,false,
Scroll,Plain,116,0,0.202834,37,116,152,0,false,
Scroll,Plain,117,0,0.128000,37,117,153,0,false,
Scroll,Plain,118,0,0.117792,37,118,154,0,false,
Scroll,Plain,119,0,0.139000,37,119,155,0,false,
Filter,All,0,0,53.652625,5000,0,4999,1,false,Taffy recalculation
Filter,All,0,1,53.652625,5000,0,4999,0,false,
Filter,All,1,0,17.265666,1250,0,1249,1,false,Taffy recalculation
Filter,All,1,1,17.265666,1250,0,1249,0,false,
Filter,All,2,0,5.894583,1250,0,1249,0,false,
Filter,All,3,0,5.300333,1250,0,1249,0,false,
Filter,All,4,0,169.698375,10000,0,9999,1,false,Taffy recalculation
Filter,All,4,1,169.698375,10000,0,9999,0,false,
Filter,All,5,0,55.464542,5000,0,4999,1,false,Taffy recalculation
Filter,All,5,1,55.464542,5000,0,4999,0,false,
Filter,All,6,0,17.895334,1250,0,1249,1,false,Taffy recalculation
Filter,All,6,1,17.895334,1250,0,1249,0,false,
Filter,All,7,0,6.075666,1250,0,1249,0,false,
Filter,All,8,0,5.355125,1250,0,1249,0,false,
Filter,All,9,0,163.649917,10000,0,9999,1,false,Taffy recalculation
Filter,All,9,1,163.649917,10000,0,9999,0,false,
Filter,All,10,0,56.188583,5000,0,4999,1,false,Taffy recalculation
Filter,All,10,1,56.188583,5000,0,4999,0,false,
Filter,All,11,0,18.739417,1250,0,1249,1,false,Taffy recalculation
Filter,All,11,1,18.739417,1250,0,1249,0,false,
Filter,All,12,0,6.203666,1250,0,1249,0,false,
Filter,All,13,0,5.407167,1250,0,1249,0,false,
Filter,All,14,0,164.288500,10000,0,9999,1,false,Taffy recalculation
Filter,All,14,1,164.288500,10000,0,9999,0,false,
Filter,All,15,0,56.177167,5000,0,4999,1,false,Taffy recalculation
Filter,All,15,1,56.177167,5000,0,4999,0,false,
Filter,All,16,0,17.880917,1250,0,1249,1,false,Taffy recalculation
Filter,All,16,1,17.880917,1250,0,1249,0,false,
Filter,All,17,0,5.765791,1250,0,1249,0,false,
Filter,All,18,0,5.338750,1250,0,1249,0,false,
Filter,All,19,0,166.226667,10000,0,9999,1,false,Taffy recalculation
Filter,All,19,1,166.226667,10000,0,9999,0,false,
Filter,All,20,0,56.638042,5000,0,4999,1,false,Taffy recalculation
Filter,All,20,1,56.638042,5000,0,4999,0,false,
Filter,All,21,0,18.078083,1250,0,1249,1,false,Taffy recalculation
Filter,All,21,1,18.078083,1250,0,1249,0,false,
Filter,All,22,0,6.245125,1250,0,1249,0,false,
Filter,All,23,0,5.434208,1250,0,1249,0,false,
Filter,All,24,0,171.092042,10000,0,9999,1,false,Taffy recalculation
Filter,All,24,1,171.092042,10000,0,9999,0,false,
Filter,All,25,0,55.767083,5000,0,4999,1,false,Taffy recalculation
Filter,All,25,1,55.767083,5000,0,4999,0,false,
Filter,All,26,0,17.944292,1250,0,1249,1,false,Taffy recalculation
Filter,All,26,1,17.944292,1250,0,1249,0,false,
Filter,All,27,0,6.037458,1250,0,1249,0,false,
Filter,All,28,0,5.403042,1250,0,1249,0,false,
Filter,All,29,0,165.865333,10000,0,9999,1,false,Taffy recalculation
Filter,All,29,1,165.865333,10000,0,9999,0,false,
Filter,All,30,0,55.695625,5000,0,4999,1,false,Taffy recalculation
Filter,All,30,1,55.695625,5000,0,4999,0,false,
Filter,All,31,0,18.441042,1250,0,1249,1,false,Taffy recalculation
Filter,All,31,1,18.441042,1250,0,1249,0,false,
Filter,All,32,0,6.003375,1250,0,1249,0,false,
Filter,All,33,0,5.366834,1250,0,1249,0,false,
Filter,All,34,0,163.020000,10000,0,9999,1,false,Taffy recalculation
Filter,All,34,1,163.020000,10000,0,9999,0,false,
Filter,All,35,0,55.285125,5000,0,4999,1,false,Taffy recalculation
Filter,All,35,1,55.285125,5000,0,4999,0,false,
Filter,All,36,0,18.384583,1250,0,1249,1,false,Taffy recalculation
Filter,All,36,1,18.384583,1250,0,1249,0,false,
Filter,All,37,0,6.445458,1250,0,1249,0,false,
Filter,All,38,0,5.853667,1250,0,1249,0,false,
Filter,All,39,0,167.354791,10000,0,9999,1,false,Taffy recalculation
Filter,All,39,1,167.354791,10000,0,9999,0,false,
Filter,All,40,0,55.387417,5000,0,4999,1,false,Taffy recalculation
Filter,All,40,1,55.387417,5000,0,4999,0,false,
Filter,All,41,0,18.221917,1250,0,1249,1,false,Taffy recalculation
Filter,All,41,1,18.221917,1250,0,1249,0,false,
Filter,All,42,0,6.117834,1250,0,1249,0,false,
Filter,All,43,0,5.371750,1250,0,1249,0,false,
Filter,All,44,0,166.684375,10000,0,9999,1,false,Taffy recalculation
Filter,All,44,1,166.684375,10000,0,9999,0,false,
Filter,All,45,0,54.675708,5000,0,4999,1,false,Taffy recalculation
Filter,All,45,1,54.675708,5000,0,4999,0,false,
Filter,All,46,0,18.325708,1250,0,1249,1,false,Taffy recalculation
Filter,All,46,1,18.325708,1250,0,1249,0,false,
Filter,All,47,0,6.032000,1250,0,1249,0,false,
Filter,All,48,0,5.384666,1250,0,1249,0,false,
Filter,All,49,0,164.610042,10000,0,9999,1,false,Taffy recalculation
Filter,All,49,1,164.610042,10000,0,9999,0,false,
Filter,All,50,0,54.930375,5000,0,4999,1,false,Taffy recalculation
Filter,All,50,1,54.930375,5000,0,4999,0,false,
Filter,All,51,0,18.152792,1250,0,1249,1,false,Taffy recalculation
Filter,All,51,1,18.152792,1250,0,1249,0,false,
Filter,All,52,0,6.207167,1250,0,1249,0,false,
Filter,All,53,0,5.490500,1250,0,1249,0,false,
Filter,All,54,0,164.343417,10000,0,9999,1,false,Taffy recalculation
Filter,All,54,1,164.343417,10000,0,9999,0,false,
Filter,All,55,0,55.759459,5000,0,4999,1,false,Taffy recalculation
Filter,All,55,1,55.759459,5000,0,4999,0,false,
Filter,All,56,0,18.164333,1250,0,1249,1,false,Taffy recalculation
Filter,All,56,1,18.164333,1250,0,1249,0,false,
Filter,All,57,0,6.105791,1250,0,1249,0,false,
Filter,All,58,0,5.380250,1250,0,1249,0,false,
Filter,All,59,0,166.148250,10000,0,9999,1,false,Taffy recalculation
Filter,All,59,1,166.148250,10000,0,9999,0,false,
Filter,All,60,0,55.314916,5000,0,4999,1,false,Taffy recalculation
Filter,All,60,1,55.314916,5000,0,4999,0,false,
Filter,All,61,0,20.037541,1250,0,1249,1,false,Taffy recalculation
Filter,All,61,1,20.037541,1250,0,1249,0,false,
Filter,All,62,0,6.801250,1250,0,1249,0,false,
Filter,All,63,0,6.244458,1250,0,1249,0,false,
Filter,All,64,0,164.170500,10000,0,9999,1,false,Taffy recalculation
Filter,All,64,1,164.170500,10000,0,9999,0,false,
Filter,All,65,0,55.209333,5000,0,4999,1,false,Taffy recalculation
Filter,All,65,1,55.209333,5000,0,4999,0,false,
Filter,All,66,0,18.040625,1250,0,1249,1,false,Taffy recalculation
Filter,All,66,1,18.040625,1250,0,1249,0,false,
Filter,All,67,0,6.142708,1250,0,1249,0,false,
Filter,All,68,0,5.535625,1250,0,1249,0,false,
Filter,All,69,0,164.559791,10000,0,9999,1,false,Taffy recalculation
Filter,All,69,1,164.559791,10000,0,9999,0,false,
Filter,All,70,0,55.626833,5000,0,4999,1,false,Taffy recalculation
Filter,All,70,1,55.626833,5000,0,4999,0,false,
Filter,All,71,0,18.214334,1250,0,1249,1,false,Taffy recalculation
Filter,All,71,1,18.214334,1250,0,1249,0,false,
Filter,All,72,0,6.046583,1250,0,1249,0,false,
Filter,All,73,0,5.338208,1250,0,1249,0,false,
Filter,All,74,0,163.507625,10000,0,9999,1,false,Taffy recalculation
Filter,All,74,1,163.507625,10000,0,9999,0,false,
Filter,All,75,0,55.467666,5000,0,4999,1,false,Taffy recalculation
Filter,All,75,1,55.467666,5000,0,4999,0,false,
Filter,All,76,0,18.600917,1250,0,1249,1,false,Taffy recalculation
Filter,All,76,1,18.600917,1250,0,1249,0,false,
Filter,All,77,0,6.618625,1250,0,1249,0,false,
Filter,All,78,0,6.297500,1250,0,1249,0,false,
Filter,All,79,0,164.611375,10000,0,9999,1,false,Taffy recalculation
Filter,All,79,1,164.611375,10000,0,9999,0,false,
Filter,All,80,0,61.673167,5000,0,4999,1,false,Taffy recalculation
Filter,All,80,1,61.673167,5000,0,4999,0,false,
Filter,All,81,0,18.278792,1250,0,1249,1,false,Taffy recalculation
Filter,All,81,1,18.278792,1250,0,1249,0,false,
Filter,All,82,0,6.094709,1250,0,1249,0,false,
Filter,All,83,0,5.347750,1250,0,1249,0,false,
Filter,All,84,0,162.369167,10000,0,9999,1,false,Taffy recalculation
Filter,All,84,1,162.369167,10000,0,9999,0,false,
Filter,All,85,0,55.354625,5000,0,4999,1,false,Taffy recalculation
Filter,All,85,1,55.354625,5000,0,4999,0,false,
Filter,All,86,0,18.193959,1250,0,1249,1,false,Taffy recalculation
Filter,All,86,1,18.193959,1250,0,1249,0,false,
Filter,All,87,0,6.222209,1250,0,1249,0,false,
Filter,All,88,0,5.680875,1250,0,1249,0,false,
Filter,All,89,0,163.775750,10000,0,9999,1,false,Taffy recalculation
Filter,All,89,1,163.775750,10000,0,9999,0,false,
Filter,All,90,0,55.325041,5000,0,4999,1,false,Taffy recalculation
Filter,All,90,1,55.325041,5000,0,4999,0,false,
Filter,All,91,0,18.606125,1250,0,1249,1,false,Taffy recalculation
Filter,All,91,1,18.606125,1250,0,1249,0,false,
Filter,All,92,0,6.179833,1250,0,1249,0,false,
Filter,All,93,0,5.312792,1250,0,1249,0,false,
Filter,All,94,0,165.453375,10000,0,9999,1,false,Taffy recalculation
Filter,All,94,1,165.453375,10000,0,9999,0,false,
Filter,All,95,0,58.526458,5000,0,4999,1,false,Taffy recalculation
Filter,All,95,1,58.526458,5000,0,4999,0,false,
Filter,All,96,0,18.660209,1250,0,1249,1,false,Taffy recalculation
Filter,All,96,1,18.660209,1250,0,1249,0,false,
Filter,All,97,0,6.108667,1250,0,1249,0,false,
Filter,All,98,0,5.441833,1250,0,1249,0,false,
Filter,All,99,0,168.597541,10000,0,9999,1,false,Taffy recalculation
Filter,All,99,1,168.597541,10000,0,9999,0,false,
Filter,All,100,0,56.074833,5000,0,4999,1,false,Taffy recalculation
Filter,All,100,1,56.074833,5000,0,4999,0,false,
Filter,All,101,0,18.049917,1250,0,1249,1,false,Taffy recalculation
Filter,All,101,1,18.049917,1250,0,1249,0,false,
Filter,All,102,0,6.088333,1250,0,1249,0,false,
Filter,All,103,0,5.396583,1250,0,1249,0,false,
Filter,All,104,0,163.747083,10000,0,9999,1,false,Taffy recalculation
Filter,All,104,1,163.747083,10000,0,9999,0,false,
Filter,All,105,0,55.662042,5000,0,4999,1,false,Taffy recalculation
Filter,All,105,1,55.662042,5000,0,4999,0,false,
Filter,All,106,0,19.113333,1250,0,1249,1,false,Taffy recalculation
Filter,All,106,1,19.113333,1250,0,1249,0,false,
Filter,All,107,0,5.892375,1250,0,1249,0,false,
Filter,All,108,0,5.406791,1250,0,1249,0,false,
Filter,All,109,0,163.287250,10000,0,9999,1,false,Taffy recalculation
Filter,All,109,1,163.287250,10000,0,9999,0,false,
Filter,All,110,0,55.552958,5000,0,4999,1,false,Taffy recalculation
Filter,All,110,1,55.552958,5000,0,4999,0,false,
Filter,All,111,0,18.162958,1250,0,1249,1,false,Taffy recalculation
Filter,All,111,1,18.162958,1250,0,1249,0,false,
Filter,All,112,0,6.046875,1250,0,1249,0,false,
Filter,All,113,0,5.489959,1250,0,1249,0,false,
Filter,All,114,0,165.425000,10000,0,9999,1,false,Taffy recalculation
Filter,All,114,1,165.425000,10000,0,9999,0,false,
Filter,All,115,0,57.367208,5000,0,4999,1,false,Taffy recalculation
Filter,All,115,1,57.367208,5000,0,4999,0,false,
Filter,All,116,0,18.231833,1250,0,1249,1,false,Taffy recalculation
Filter,All,116,1,18.231833,1250,0,1249,0,false,
Filter,All,117,0,6.028250,1250,0,1249,0,false,
Filter,All,118,0,5.372542,1250,0,1249,0,false,
Filter,All,119,0,167.958416,10000,0,9999,1,false,Taffy recalculation
Filter,All,119,1,167.958416,10000,0,9999,0,false,
Filter,Virtual,0,0,1.254375,37,0,36,19,false,Taffy recalculation;Taffy recalculation;Taffy recalculation;Taffy recalculation;Taffy recalculation;Taffy recalculation;Taffy recalculation;Taffy recalculation;Taffy recalculation;Taffy recalculation;Taffy recalculation;Taffy recalculation;Taffy recalculation;Taffy recalculation;Taffy recalculation;Taffy recalculation;Taffy recalculation;Taffy recalculation;Taffy recalculation
Filter,Virtual,0,1,1.254375,37,0,36,0,false,
Filter,Virtual,1,0,1.602959,37,0,36,34,false,Taffy recalculation;Taffy recalculation;Taffy recalculation;Taffy recalculation;Taffy recalculation;Taffy recalculation;Taffy recalculation;Taffy recalculation;Taffy recalculation;Taffy recalculation;Taffy recalculation;Taffy recalculation;Taffy recalculation;Taffy recalculation;Taffy recalculation;Taffy recalculation;Taffy recalculation;Taffy recalculation;Taffy recalculation;Taffy recalculation;Taffy recalculation;Taffy recalculation;Taffy recalculation;Taffy recalculation;Taffy recalculation;Taffy recalculation;Taffy recalculation;Taffy recalculation;Taffy recalculation;Taffy recalculation;Taffy recalculation;Taffy recalculation;Taffy recalculation;Taffy recalculation
Filter,Virtual,1,1,1.602959,37,0,36,0,false,
Filter,Virtual,2,0,1.133333,37,0,36,0,false,
Filter,Virtual,3,0,0.977500,37,0,36,0,false,
Filter,Virtual,4,0,1.161333,37,0,36,36,false,Taffy recalculation;Taffy recalculation;Taffy recalculation;Taffy recalculation;Taffy recalculation;Taffy recalculation;Taffy recalculation;Taffy recalculation;Taffy recalculation;Taffy recalculation;Taffy recalculation;Taffy recalculation;Taffy recalculation;Taffy recalculation;Taffy recalculation;Taffy recalculation;Taffy recalculation;Taffy recalculation;Taffy recalculation;Taffy recalculation;Taffy recalculation;Taffy recalculation;Taffy recalculation;Taffy recalculation;Taffy recalculation;Taffy recalculation;Taffy recalculation;Taffy recalculation;Taffy recalculation;Taffy recalculation;Taffy recalculation;Taffy recalculation;Taffy recalculation;Taffy recalculation;Taffy recalculation;Taffy recalculation
Filter,Virtual,4,1,1.161333,37,0,36,0,false,
Filter,Virtual,5,0,1.388000,37,0,36,19,false,Taffy recalculation;Taffy recalculation;Taffy recalculation;Taffy recalculation;Taffy recalculation;Taffy recalculation;Taffy recalculation;Taffy recalculation;Taffy recalculation;Taffy recalculation;Taffy recalculation;Taffy recalculation;Taffy recalculation;Taffy recalculation;Taffy recalculation;Taffy recalculation;Taffy recalculation;Taffy recalculation;Taffy recalculation
Filter,Virtual,5,1,1.388000,37,0,36,0,false,
Filter,Virtual,6,0,1.803459,37,0,36,34,false,Taffy recalculation;Taffy recalculation;Taffy recalculation;Taffy recalculation;Taffy recalculation;Taffy recalculation;Taffy recalculation;Taffy recalculation;Taffy recalculation;Taffy recalculation;Taffy recalculation;Taffy recalculation;Taffy recalculation;Taffy recalculation;Taffy recalculation;Taffy recalculation;Taffy recalculation;Taffy recalculation;Taffy recalculation;Taffy recalculation;Taffy recalculation;Taffy recalculation;Taffy recalculation;Taffy recalculation;Taffy recalculation;Taffy recalculation;Taffy recalculation;Taffy recalculation;Taffy recalculation;Taffy recalculation;Taffy recalculation;Taffy recalculation;Taffy recalculation;Taffy recalculation
Filter,Virtual,6,1,1.803459,37,0,36,0,false,
Filter,Virtual,7,0,1.126166,37,0,36,0,false,
Filter,Virtual,8,0,0.971167,37,0,36,0,false,
Filter,Virtual,9,0,1.302958,37,0,36,36,false,Taffy recalculation;Taffy recalculation;Taffy recalculation;Taffy recalculation;Taffy recalculation;Taffy recalculation;Taffy recalculation;Taffy recalculation;Taffy recalculation;Taffy recalculation;Taffy recalculation;Taffy recalculation;Taffy recalculation;Taffy recalculation;Taffy recalculation;Taffy recalculation;Taffy recalculation;Taffy recalculation;Taffy recalculation;Taffy recalculation;Taffy recalculation;Taffy recalculation;Taffy recalculation;Taffy recalculation;Taffy recalculation;Taffy recalculation;Taffy recalculation;Taffy recalculation;Taffy recalculation;Taffy recalculation;Taffy recalculation;Taffy recalculation;Taffy recalculation;Taffy recalculation;Taffy recalculation;Taffy recalculation
Filter,Virtual,9,1,1.302958,37,0,36,0,false,
Filter,Virtual,10,0,1.220083,37,0,36,19,false,Taffy recalculation;Taffy recalculation;Taffy recalculation;Taffy recalculation;Taffy recalculation;Taffy recalculation;Taffy recalculation;Taffy recalculation;Taffy recalculation;Taffy recalculation;Taffy recalculation;Taffy recalculation;Taffy recalculation;Taffy recalculation;Taffy recalculation;Taffy recalculation;Taffy recalculation;Taffy recalculation;Taffy recalculation
Filter,Virtual,10,1,1.220083,37,0,36,0,false,
Filter,Virtual,11,0,1.638625,37,0,36,34,false,Taffy recalculation;Taffy recalculation;Taffy recalculation;Taffy recalculation;Taffy recalculation;Taffy recalculation;Taffy recalculation;Taffy recalculation;Taffy recalculation;Taffy recalculation;Taffy recalculation;Taffy recalculation;Taffy recalculation;Taffy recalculation;Taffy recalculation;Taffy recalculation;Taffy recalculation;Taffy recalculation;Taffy recalculation;Taffy recalculation;Taffy recalculation;Taffy recalculation;Taffy recalculation;Taffy recalculation;Taffy recalculation;Taffy recalculation;Taffy recalculation;Taffy recalculation;Taffy recalculation;Taffy recalculation;Taffy recalculation;Taffy recalculation;Taffy recalculation;Taffy recalculation
Filter,Virtual,11,1,1.638625,37,0,36,0,false,
Filter,Virtual,12,0,1.140625,37,0,36,0,false,
Filter,Virtual,13,0,0.998000,37,0,36,0,false,
Filter,Virtual,14,0,1.390792,37,0,36,36,false,Taffy recalculation;Taffy recalculation;Taffy recalculation;Taffy recalculation;Taffy recalculation;Taffy recalculation;Taffy recalculation;Taffy recalculation;Taffy recalculation;Taffy recalculation;Taffy recalculation;Taffy recalculation;Taffy recalculation;Taffy recalculation;Taffy recalculation;Taffy recalculation;Taffy recalculation;Taffy recalculation;Taffy recalculation;Taffy recalculation;Taffy recalculation;Taffy recalculation;Taffy recalculation;Taffy recalculation;Taffy recalculation;Taffy recalculation;Taffy recalculation;Taffy recalculation;Taffy recalculation;Taffy recalculation;Taffy recalculation;Taffy recalculation;Taffy recalculation;Taffy recalculation;Taffy recalculation;Taffy recalculation
Filter,Virtual,14,1,1.390792,37,0,36,0,false,
Filter,Virtual,15,0,1.345750,37,0,36,19,false,Taffy recalculation;Taffy recalculation;Taffy recalculation;Taffy recalculation;Taffy recalculation;Taffy recalculation;Taffy recalculation;Taffy recalculation;Taffy recalculation;Taffy recalculation;Taffy recalculation;Taffy recalculation;Taffy recalculation;Taffy recalculation;Taffy recalculation;Taffy recalculation;Taffy recalculation;Taffy recalculation;Taffy recalculation
Filter,Virtual,15,1,1.345750,37,0,36,0,false,
Filter,Virtual,16,0,1.526666,37,0,36,34,false,Taffy recalculation;Taffy recalculation;Taffy recalculation;Taffy recalculation;Taffy recalculation;Taffy recalculation;Taffy recalculation;Taffy recalculation;Taffy recalculation;Taffy recalculation;Taffy recalculation;Taffy recalculation;Taffy recalculation;Taffy recalculation;Taffy recalculation;Taffy recalculation;Taffy recalculation;Taffy recalculation;Taffy recalculation;Taffy recalculation;Taffy recalculation;Taffy recalculation;Taffy recalculation;Taffy recalculation;Taffy recalculation;Taffy recalculation;Taffy recalculation;Taffy recalculation;Taffy recalculation;Taffy recalculation;Taffy recalculation;Taffy recalculation;Taffy recalculation;Taffy recalculation
Filter,Virtual,16,1,1.526666,37,0,36,0,false,
Filter,Virtual,17,0,1.137041,37,0,36,0,false,
Filter,Virtual,18,0,0.974958,37,0,36,0,false,
Filter,Virtual,19,0,1.153292,37,0,36,36,false,Taffy recalculation;Taffy recalculation;Taffy recalculation;Taffy recalculation;Taffy recalculation;Taffy recalculation;Taffy recalculation;Taffy recalculation;Taffy recalculation;Taffy recalculation;Taffy recalculation;Taffy recalculation;Taffy recalculation;Taffy recalculation;Taffy recalculation;Taffy recalculation;Taffy recalculation;Taffy recalculation;Taffy recalculation;Taffy recalculation;Taffy recalculation;Taffy recalculation;Taffy recalculation;Taffy recalculation;Taffy recalculation;Taffy recalculation;Taffy recalculation;Taffy recalculation;Taffy recalculation;Taffy recalculation;Taffy recalculation;Taffy recalculation;Taffy recalculation;Taffy recalculation;Taffy recalculation;Taffy recalculation
Filter,Virtual,19,1,1.153292,37,0,36,0,false,
Filter,Virtual,20,0,1.381959,37,0,36,19,false,Taffy recalculation;Taffy recalculation;Taffy recalculation;Taffy recalculation;Taffy recalculation;Taffy recalculation;Taffy recalculation;Taffy recalculation;Taffy recalculation;Taffy recalculation;Taffy recalculation;Taffy recalculation;Taffy recalculation;Taffy recalculation;Taffy recalculation;Taffy recalculation;Taffy recalculation;Taffy recalculation;Taffy recalculation
Filter,Virtual,20,1,1.381959,37,0,36,0,false,
Filter,Virtual,21,0,1.729542,37,0,36,34,false,Taffy recalculation;Taffy recalculation;Taffy recalculation;Taffy recalculation;Taffy recalculation;Taffy recalculation;Taffy recalculation;Taffy recalculation;Taffy recalculation;Taffy recalculation;Taffy recalculation;Taffy recalculation;Taffy recalculation;Taffy recalculation;Taffy recalculation;Taffy recalculation;Taffy recalculation;Taffy recalculation;Taffy recalculation;Taffy recalculation;Taffy recalculation;Taffy recalculation;Taffy recalculation;Taffy recalculation;Taffy recalculation;Taffy recalculation;Taffy recalculation;Taffy recalculation;Taffy recalculation;Taffy recalculation;Taffy recalculation;Taffy recalculation;Taffy recalculation;Taffy recalculation
Filter,Virtual,21,1,1.729542,37,0,36,0,false,
Filter,Virtual,22,0,1.111416,37,0,36,0,false,
Filter,Virtual,23,0,0.982459,37,0,36,0,false,
Filter,Virtual,24,0,1.287541,37,0,36,36,false,Taffy recalculation;Taffy recalculation;Taffy recalculation;Taffy recalculation;Taffy recalculation;Taffy recalculation;Taffy recalculation;Taffy recalculation;Taffy recalculation;Taffy recalculation;Taffy recalculation;Taffy recalculation;Taffy recalculation;Taffy recalculation;Taffy recalculation;Taffy recalculation;Taffy recalculation;Taffy recalculation;Taffy recalculation;Taffy recalculation;Taffy recalculation;Taffy recalculation;Taffy recalculation;Taffy recalculation;Taffy recalculation;Taffy recalculation;Taffy recalculation;Taffy recalculation;Taffy recalculation;Taffy recalculation;Taffy recalculation;Taffy recalculation;Taffy recalculation;Taffy recalculation;Taffy recalculation;Taffy recalculation
Filter,Virtual,24,1,1.287541,37,0,36,0,false,
Filter,Virtual,25,0,1.231833,37,0,36,19,false,Taffy recalculation;Taffy recalculation;Taffy recalculation;Taffy recalculation;Taffy recalculation;Taffy recalculation;Taffy recalculation;Taffy recalculation;Taffy recalculation;Taffy recalculation;Taffy recalculation;Taffy recalculation;Taffy recalculation;Taffy recalculation;Taffy recalculation;Taffy recalculation;Taffy recalculation;Taffy recalculation;Taffy recalculation
Filter,Virtual,25,1,1.231833,37,0,36,0,false,
Filter,Virtual,26,0,1.661500,37,0,36,34,false,Taffy recalculation;Taffy recalculation;Taffy recalculation;Taffy recalculation;Taffy recalculation;Taffy recalculation;Taffy recalculation;Taffy recalculation;Taffy recalculation;Taffy recalculation;Taffy recalculation;Taffy recalculation;Taffy recalculation;Taffy recalculation;Taffy recalculation;Taffy recalculation;Taffy recalculation;Taffy recalculation;Taffy recalculation;Taffy recalculation;Taffy recalculation;Taffy recalculation;Taffy recalculation;Taffy recalculation;Taffy recalculation;Taffy recalculation;Taffy recalculation;Taffy recalculation;Taffy recalculation;Taffy recalculation;Taffy recalculation;Taffy recalculation;Taffy recalculation;Taffy recalculation
Filter,Virtual,26,1,1.661500,37,0,36,0,false,
Filter,Virtual,27,0,1.159041,37,0,36,0,false,
Filter,Virtual,28,0,0.968250,37,0,36,0,false,
Filter,Virtual,29,0,1.268292,37,0,36,36,false,Taffy recalculation;Taffy recalculation;Taffy recalculation;Taffy recalculation;Taffy recalculation;Taffy recalculation;Taffy recalculation;Taffy recalculation;Taffy recalculation;Taffy recalculation;Taffy recalculation;Taffy recalculation;Taffy recalculation;Taffy recalculation;Taffy recalculation;Taffy recalculation;Taffy recalculation;Taffy recalculation;Taffy recalculation;Taffy recalculation;Taffy recalculation;Taffy recalculation;Taffy recalculation;Taffy recalculation;Taffy recalculation;Taffy recalculation;Taffy recalculation;Taffy recalculation;Taffy recalculation;Taffy recalculation;Taffy recalculation;Taffy recalculation;Taffy recalculation;Taffy recalculation;Taffy recalculation;Taffy recalculation
Filter,Virtual,29,1,1.268292,37,0,36,0,false,
Filter,Virtual,30,0,1.322209,37,0,36,19,false,Taffy recalculation;Taffy recalculation;Taffy recalculation;Taffy recalculation;Taffy recalculation;Taffy recalculation;Taffy recalculation;Taffy recalculation;Taffy recalculation;Taffy recalculation;Taffy recalculation;Taffy recalculation;Taffy recalculation;Taffy recalculation;Taffy recalculation;Taffy recalculation;Taffy recalculation;Taffy recalculation;Taffy recalculation
Filter,Virtual,30,1,1.322209,37,0,36,0,false,
Filter,Virtual,31,0,1.537916,37,0,36,34,false,Taffy recalculation;Taffy recalculation;Taffy recalculation;Taffy recalculation;Taffy recalculation;Taffy recalculation;Taffy recalculation;Taffy recalculation;Taffy recalculation;Taffy recalculation;Taffy recalculation;Taffy recalculation;Taffy recalculation;Taffy recalculation;Taffy recalculation;Taffy recalculation;Taffy recalculation;Taffy recalculation;Taffy recalculation;Taffy recalculation;Taffy recalculation;Taffy recalculation;Taffy recalculation;Taffy recalculation;Taffy recalculation;Taffy recalculation;Taffy recalculation;Taffy recalculation;Taffy recalculation;Taffy recalculation;Taffy recalculation;Taffy recalculation;Taffy recalculation;Taffy recalculation
Filter,Virtual,31,1,1.537916,37,0,36,0,false,
Filter,Virtual,32,0,1.163125,37,0,36,0,false,
Filter,Virtual,33,0,0.998792,37,0,36,0,false,
Filter,Virtual,34,0,1.182708,37,0,36,36,false,Taffy recalculation;Taffy recalculation;Taffy recalculation;Taffy recalculation;Taffy recalculation;Taffy recalculation;Taffy recalculation;Taffy recalculation;Taffy recalculation;Taffy recalculation;Taffy recalculation;Taffy recalculation;Taffy recalculation;Taffy recalculation;Taffy recalculation;Taffy recalculation;Taffy recalculation;Taffy recalculation;Taffy recalculation;Taffy recalculation;Taffy recalculation;Taffy recalculation;Taffy recalculation;Taffy recalculation;Taffy recalculation;Taffy recalculation;Taffy recalculation;Taffy recalculation;Taffy recalculation;Taffy recalculation;Taffy recalculation;Taffy recalculation;Taffy recalculation;Taffy recalculation;Taffy recalculation;Taffy recalculation
Filter,Virtual,34,1,1.182708,37,0,36,0,false,
Filter,Virtual,35,0,1.387916,37,0,36,19,false,Taffy recalculation;Taffy recalculation;Taffy recalculation;Taffy recalculation;Taffy recalculation;Taffy recalculation;Taffy recalculation;Taffy recalculation;Taffy recalculation;Taffy recalculation;Taffy recalculation;Taffy recalculation;Taffy recalculation;Taffy recalculation;Taffy recalculation;Taffy recalculation;Taffy recalculation;Taffy recalculation;Taffy recalculation
Filter,Virtual,35,1,1.387916,37,0,36,0,false,
Filter,Virtual,36,0,1.669667,37,0,36,34,false,Taffy recalculation;Taffy recalculation;Taffy recalculation;Taffy recalculation;Taffy recalculation;Taffy recalculation;Taffy recalculation;Taffy recalculation;Taffy recalculation;Taffy recalculation;Taffy recalculation;Taffy recalculation;Taffy recalculation;Taffy recalculation;Taffy recalculation;Taffy recalculation;Taffy recalculation;Taffy recalculation;Taffy recalculation;Taffy recalculation;Taffy recalculation;Taffy recalculation;Taffy recalculation;Taffy recalculation;Taffy recalculation;Taffy recalculation;Taffy recalculation;Taffy recalculation;Taffy recalculation;Taffy recalculation;Taffy recalculation;Taffy recalculation;Taffy recalculation;Taffy recalculation
Filter,Virtual,36,1,1.669667,37,0,36,0,false,
Filter,Virtual,37,0,1.123417,37,0,36,0,false,
Filter,Virtual,38,0,0.993875,37,0,36,0,false,
Filter,Virtual,39,0,1.236250,37,0,36,36,false,Taffy recalculation;Taffy recalculation;Taffy recalculation;Taffy recalculation;Taffy recalculation;Taffy recalculation;Taffy recalculation;Taffy recalculation;Taffy recalculation;Taffy recalculation;Taffy recalculation;Taffy recalculation;Taffy recalculation;Taffy recalculation;Taffy recalculation;Taffy recalculation;Taffy recalculation;Taffy recalculation;Taffy recalculation;Taffy recalculation;Taffy recalculation;Taffy recalculation;Taffy recalculation;Taffy recalculation;Taffy recalculation;Taffy recalculation;Taffy recalculation;Taffy recalculation;Taffy recalculation;Taffy recalculation;Taffy recalculation;Taffy recalculation;Taffy recalculation;Taffy recalculation;Taffy recalculation;Taffy recalculation
Filter,Virtual,39,1,1.236250,37,0,36,0,false,
Filter,Virtual,40,0,1.233167,37,0,36,19,false,Taffy recalculation;Taffy recalculation;Taffy recalculation;Taffy recalculation;Taffy recalculation;Taffy recalculation;Taffy recalculation;Taffy recalculation;Taffy recalculation;Taffy recalculation;Taffy recalculation;Taffy recalculation;Taffy recalculation;Taffy recalculation;Taffy recalculation;Taffy recalculation;Taffy recalculation;Taffy recalculation;Taffy recalculation
Filter,Virtual,40,1,1.233167,37,0,36,0,false,
Filter,Virtual,41,0,1.646459,37,0,36,34,false,Taffy recalculation;Taffy recalculation;Taffy recalculation;Taffy recalculation;Taffy recalculation;Taffy recalculation;Taffy recalculation;Taffy recalculation;Taffy recalculation;Taffy recalculation;Taffy recalculation;Taffy recalculation;Taffy recalculation;Taffy recalculation;Taffy recalculation;Taffy recalculation;Taffy recalculation;Taffy recalculation;Taffy recalculation;Taffy recalculation;Taffy recalculation;Taffy recalculation;Taffy recalculation;Taffy recalculation;Taffy recalculation;Taffy recalculation;Taffy recalculation;Taffy recalculation;Taffy recalculation;Taffy recalculation;Taffy recalculation;Taffy recalculation;Taffy recalculation;Taffy recalculation
Filter,Virtual,41,1,1.646459,37,0,36,0,false,
Filter,Virtual,42,0,1.131917,37,0,36,0,false,
Filter,Virtual,43,0,0.979417,37,0,36,0,false,
Filter,Virtual,44,0,1.257333,37,0,36,36,false,Taffy recalculation;Taffy recalculation;Taffy recalculation;Taffy recalculation;Taffy recalculation;Taffy recalculation;Taffy recalculation;Taffy recalculation;Taffy recalculation;Taffy recalculation;Taffy recalculation;Taffy recalculation;Taffy recalculation;Taffy recalculation;Taffy recalculation;Taffy recalculation;Taffy recalculation;Taffy recalculation;Taffy recalculation;Taffy recalculation;Taffy recalculation;Taffy recalculation;Taffy recalculation;Taffy recalculation;Taffy recalculation;Taffy recalculation;Taffy recalculation;Taffy recalculation;Taffy recalculation;Taffy recalculation;Taffy recalculation;Taffy recalculation;Taffy recalculation;Taffy recalculation;Taffy recalculation;Taffy recalculation
Filter,Virtual,44,1,1.257333,37,0,36,0,false,
Filter,Virtual,45,0,1.351042,37,0,36,19,false,Taffy recalculation;Taffy recalculation;Taffy recalculation;Taffy recalculation;Taffy recalculation;Taffy recalculation;Taffy recalculation;Taffy recalculation;Taffy recalculation;Taffy recalculation;Taffy recalculation;Taffy recalculation;Taffy recalculation;Taffy recalculation;Taffy recalculation;Taffy recalculation;Taffy recalculation;Taffy recalculation;Taffy recalculation
Filter,Virtual,45,1,1.351042,37,0,36,0,false,
Filter,Virtual,46,0,1.577000,37,0,36,34,false,Taffy recalculation;Taffy recalculation;Taffy recalculation;Taffy recalculation;Taffy recalculation;Taffy recalculation;Taffy recalculation;Taffy recalculation;Taffy recalculation;Taffy recalculation;Taffy recalculation;Taffy recalculation;Taffy recalculation;Taffy recalculation;Taffy recalculation;Taffy recalculation;Taffy recalculation;Taffy recalculation;Taffy recalculation;Taffy recalculation;Taffy recalculation;Taffy recalculation;Taffy recalculation;Taffy recalculation;Taffy recalculation;Taffy recalculation;Taffy recalculation;Taffy recalculation;Taffy recalculation;Taffy recalculation;Taffy recalculation;Taffy recalculation;Taffy recalculation;Taffy recalculation
Filter,Virtual,46,1,1.577000,37,0,36,0,false,
Filter,Virtual,47,0,1.159625,37,0,36,0,false,
Filter,Virtual,48,0,1.001625,37,0,36,0,false,
Filter,Virtual,49,0,1.177125,37,0,36,36,false,Taffy recalculation;Taffy recalculation;Taffy recalculation;Taffy recalculation;Taffy recalculation;Taffy recalculation;Taffy recalculation;Taffy recalculation;Taffy recalculation;Taffy recalculation;Taffy recalculation;Taffy recalculation;Taffy recalculation;Taffy recalculation;Taffy recalculation;Taffy recalculation;Taffy recalculation;Taffy recalculation;Taffy recalculation;Taffy recalculation;Taffy recalculation;Taffy recalculation;Taffy recalculation;Taffy recalculation;Taffy recalculation;Taffy recalculation;Taffy recalculation;Taffy recalculation;Taffy recalculation;Taffy recalculation;Taffy recalculation;Taffy recalculation;Taffy recalculation;Taffy recalculation;Taffy recalculation;Taffy recalculation
Filter,Virtual,49,1,1.177125,37,0,36,0,false,
Filter,Virtual,50,0,1.287542,37,0,36,19,false,Taffy recalculation;Taffy recalculation;Taffy recalculation;Taffy recalculation;Taffy recalculation;Taffy recalculation;Taffy recalculation;Taffy recalculation;Taffy recalculation;Taffy recalculation;Taffy recalculation;Taffy recalculation;Taffy recalculation;Taffy recalculation;Taffy recalculation;Taffy recalculation;Taffy recalculation;Taffy recalculation;Taffy recalculation
Filter,Virtual,50,1,1.287542,37,0,36,0,false,
Filter,Virtual,51,0,1.596625,37,0,36,34,false,Taffy recalculation;Taffy recalculation;Taffy recalculation;Taffy recalculation;Taffy recalculation;Taffy recalculation;Taffy recalculation;Taffy recalculation;Taffy recalculation;Taffy recalculation;Taffy recalculation;Taffy recalculation;Taffy recalculation;Taffy recalculation;Taffy recalculation;Taffy recalculation;Taffy recalculation;Taffy recalculation;Taffy recalculation;Taffy recalculation;Taffy recalculation;Taffy recalculation;Taffy recalculation;Taffy recalculation;Taffy recalculation;Taffy recalculation;Taffy recalculation;Taffy recalculation;Taffy recalculation;Taffy recalculation;Taffy recalculation;Taffy recalculation;Taffy recalculation;Taffy recalculation
Filter,Virtual,51,1,1.596625,37,0,36,0,false,
Filter,Virtual,52,0,1.137625,37,0,36,0,false,
Filter,Virtual,53,0,1.040125,37,0,36,0,false,
Filter,Virtual,54,0,1.268791,37,0,36,36,false,Taffy recalculation;Taffy recalculation;Taffy recalculation;Taffy recalculation;Taffy recalculation;Taffy recalculation;Taffy recalculation;Taffy recalculation;Taffy recalculation;Taffy recalculation;Taffy recalculation;Taffy recalculation;Taffy recalculation;Taffy recalculation;Taffy recalculation;Taffy recalculation;Taffy recalculation;Taffy recalculation;Taffy recalculation;Taffy recalculation;Taffy recalculation;Taffy recalculation;Taffy recalculation;Taffy recalculation;Taffy recalculation;Taffy recalculation;Taffy recalculation;Taffy recalculation;Taffy recalculation;Taffy recalculation;Taffy recalculation;Taffy recalculation;Taffy recalculation;Taffy recalculation;Taffy recalculation;Taffy recalculation
Filter,Virtual,54,1,1.268791,37,0,36,0,false,
Filter,Virtual,55,0,1.256250,37,0,36,19,false,Taffy recalculation;Taffy recalculation;Taffy recalculation;Taffy recalculation;Taffy recalculation;Taffy recalculation;Taffy recalculation;Taffy recalculation;Taffy recalculation;Taffy recalculation;Taffy recalculation;Taffy recalculation;Taffy recalculation;Taffy recalculation;Taffy recalculation;Taffy recalculation;Taffy recalculation;Taffy recalculation;Taffy recalculation
Filter,Virtual,55,1,1.256250,37,0,36,0,false,
Filter,Virtual,56,0,1.634042,37,0,36,34,false,Taffy recalculation;Taffy recalculation;Taffy recalculation;Taffy recalculation;Taffy recalculation;Taffy recalculation;Taffy recalculation;Taffy recalculation;Taffy recalculation;Taffy recalculation;Taffy recalculation;Taffy recalculation;Taffy recalculation;Taffy recalculation;Taffy recalculation;Taffy recalculation;Taffy recalculation;Taffy recalculation;Taffy recalculation;Taffy recalculation;Taffy recalculation;Taffy recalculation;Taffy recalculation;Taffy recalculation;Taffy recalculation;Taffy recalculation;Taffy recalculation;Taffy recalculation;Taffy recalculation;Taffy recalculation;Taffy recalculation;Taffy recalculation;Taffy recalculation;Taffy recalculation
Filter,Virtual,56,1,1.634042,37,0,36,0,false,
Filter,Virtual,57,0,1.130500,37,0,36,0,false,
Filter,Virtual,58,0,0.995625,37,0,36,0,false,
Filter,Virtual,59,0,1.273292,37,0,36,36,false,Taffy recalculation;Taffy recalculation;Taffy recalculation;Taffy recalculation;Taffy recalculation;Taffy recalculation;Taffy recalculation;Taffy recalculation;Taffy recalculation;Taffy recalculation;Taffy recalculation;Taffy recalculation;Taffy recalculation;Taffy recalculation;Taffy recalculation;Taffy recalculation;Taffy recalculation;Taffy recalculation;Taffy recalculation;Taffy recalculation;Taffy recalculation;Taffy recalculation;Taffy recalculation;Taffy recalculation;Taffy recalculation;Taffy recalculation;Taffy recalculation;Taffy recalculation;Taffy recalculation;Taffy recalculation;Taffy recalculation;Taffy recalculation;Taffy recalculation;Taffy recalculation;Taffy recalculation;Taffy recalculation
Filter,Virtual,59,1,1.273292,37,0,36,0,false,
Filter,Virtual,60,0,1.495375,37,0,36,19,false,Taffy recalculation;Taffy recalculation;Taffy recalculation;Taffy recalculation;Taffy recalculation;Taffy recalculation;Taffy recalculation;Taffy recalculation;Taffy recalculation;Taffy recalculation;Taffy recalculation;Taffy recalculation;Taffy recalculation;Taffy recalculation;Taffy recalculation;Taffy recalculation;Taffy recalculation;Taffy recalculation;Taffy recalculation
Filter,Virtual,60,1,1.495375,37,0,36,0,false,
Filter,Virtual,61,0,1.618459,37,0,36,34,false,Taffy recalculation;Taffy recalculation;Taffy recalculation;Taffy recalculation;Taffy recalculation;Taffy recalculation;Taffy recalculation;Taffy recalculation;Taffy recalculation;Taffy recalculation;Taffy recalculation;Taffy recalculation;Taffy recalculation;Taffy recalculation;Taffy recalculation;Taffy recalculation;Taffy recalculation;Taffy recalculation;Taffy recalculation;Taffy recalculation;Taffy recalculation;Taffy recalculation;Taffy recalculation;Taffy recalculation;Taffy recalculation;Taffy recalculation;Taffy recalculation;Taffy recalculation;Taffy recalculation;Taffy recalculation;Taffy recalculation;Taffy recalculation;Taffy recalculation;Taffy recalculation
Filter,Virtual,61,1,1.618459,37,0,36,0,false,
Filter,Virtual,62,0,1.185709,37,0,36,0,false,
Filter,Virtual,63,0,1.012708,37,0,36,0,false,
Filter,Virtual,64,0,1.159209,37,0,36,36,false,Taffy recalculation;Taffy recalculation;Taffy recalculation;Taffy recalculation;Taffy recalculation;Taffy recalculation;Taffy recalculation;Taffy recalculation;Taffy recalculation;Taffy recalculation;Taffy recalculation;Taffy recalculation;Taffy recalculation;Taffy recalculation;Taffy recalculation;Taffy recalculation;Taffy recalculation;Taffy recalculation;Taffy recalculation;Taffy recalculation;Taffy recalculation;Taffy recalculation;Taffy recalculation;Taffy recalculation;Taffy recalculation;Taffy recalculation;Taffy recalculation;Taffy recalculation;Taffy recalculation;Taffy recalculation;Taffy recalculation;Taffy recalculation;Taffy recalculation;Taffy recalculation;Taffy recalculation;Taffy recalculation
Filter,Virtual,64,1,1.159209,37,0,36,0,false,
Filter,Virtual,65,0,1.336333,37,0,36,19,false,Taffy recalculation;Taffy recalculation;Taffy recalculation;Taffy recalculation;Taffy recalculation;Taffy recalculation;Taffy recalculation;Taffy recalculation;Taffy recalculation;Taffy recalculation;Taffy recalculation;Taffy recalculation;Taffy recalculation;Taffy recalculation;Taffy recalculation;Taffy recalculation;Taffy recalculation;Taffy recalculation;Taffy recalculation
Filter,Virtual,65,1,1.336333,37,0,36,0,false,
Filter,Virtual,66,0,1.588541,37,0,36,34,false,Taffy recalculation;Taffy recalculation;Taffy recalculation;Taffy recalculation;Taffy recalculation;Taffy recalculation;Taffy recalculation;Taffy recalculation;Taffy recalculation;Taffy recalculation;Taffy recalculation;Taffy recalculation;Taffy recalculation;Taffy recalculation;Taffy recalculation;Taffy recalculation;Taffy recalculation;Taffy recalculation;Taffy recalculation;Taffy recalculation;Taffy recalculation;Taffy recalculation;Taffy recalculation;Taffy recalculation;Taffy recalculation;Taffy recalculation;Taffy recalculation;Taffy recalculation;Taffy recalculation;Taffy recalculation;Taffy recalculation;Taffy recalculation;Taffy recalculation;Taffy recalculation
Filter,Virtual,66,1,1.588541,37,0,36,0,false,
Filter,Virtual,67,0,1.114417,37,0,36,0,false,
Filter,Virtual,68,0,1.009208,37,0,36,0,false,
Filter,Virtual,69,0,1.361959,37,0,36,36,false,Taffy recalculation;Taffy recalculation;Taffy recalculation;Taffy recalculation;Taffy recalculation;Taffy recalculation;Taffy recalculation;Taffy recalculation;Taffy recalculation;Taffy recalculation;Taffy recalculation;Taffy recalculation;Taffy recalculation;Taffy recalculation;Taffy recalculation;Taffy recalculation;Taffy recalculation;Taffy recalculation;Taffy recalculation;Taffy recalculation;Taffy recalculation;Taffy recalculation;Taffy recalculation;Taffy recalculation;Taffy recalculation;Taffy recalculation;Taffy recalculation;Taffy recalculation;Taffy recalculation;Taffy recalculation;Taffy recalculation;Taffy recalculation;Taffy recalculation;Taffy recalculation;Taffy recalculation;Taffy recalculation
Filter,Virtual,69,1,1.361959,37,0,36,0,false,
Filter,Virtual,70,0,1.232833,37,0,36,19,false,Taffy recalculation;Taffy recalculation;Taffy recalculation;Taffy recalculation;Taffy recalculation;Taffy recalculation;Taffy recalculation;Taffy recalculation;Taffy recalculation;Taffy recalculation;Taffy recalculation;Taffy recalculation;Taffy recalculation;Taffy recalculation;Taffy recalculation;Taffy recalculation;Taffy recalculation;Taffy recalculation;Taffy recalculation
Filter,Virtual,70,1,1.232833,37,0,36,0,false,
Filter,Virtual,71,0,1.586625,37,0,36,34,false,Taffy recalculation;Taffy recalculation;Taffy recalculation;Taffy recalculation;Taffy recalculation;Taffy recalculation;Taffy recalculation;Taffy recalculation;Taffy recalculation;Taffy recalculation;Taffy recalculation;Taffy recalculation;Taffy recalculation;Taffy recalculation;Taffy recalculation;Taffy recalculation;Taffy recalculation;Taffy recalculation;Taffy recalculation;Taffy recalculation;Taffy recalculation;Taffy recalculation;Taffy recalculation;Taffy recalculation;Taffy recalculation;Taffy recalculation;Taffy recalculation;Taffy recalculation;Taffy recalculation;Taffy recalculation;Taffy recalculation;Taffy recalculation;Taffy recalculation;Taffy recalculation
Filter,Virtual,71,1,1.586625,37,0,36,0,false,
Filter,Virtual,72,0,1.098542,37,0,36,0,false,
Filter,Virtual,73,0,1.002917,37,0,36,0,false,
Filter,Virtual,74,0,1.282375,37,0,36,36,false,Taffy recalculation;Taffy recalculation;Taffy recalculation;Taffy recalculation;Taffy recalculation;Taffy recalculation;Taffy recalculation;Taffy recalculation;Taffy recalculation;Taffy recalculation;Taffy recalculation;Taffy recalculation;Taffy recalculation;Taffy recalculation;Taffy recalculation;Taffy recalculation;Taffy recalculation;Taffy recalculation;Taffy recalculation;Taffy recalculation;Taffy recalculation;Taffy recalculation;Taffy recalculation;Taffy recalculation;Taffy recalculation;Taffy recalculation;Taffy recalculation;Taffy recalculation;Taffy recalculation;Taffy recalculation;Taffy recalculation;Taffy recalculation;Taffy recalculation;Taffy recalculation;Taffy recalculation;Taffy recalculation
Filter,Virtual,74,1,1.282375,37,0,36,0,false,
Filter,Virtual,75,0,1.359875,37,0,36,19,false,Taffy recalculation;Taffy recalculation;Taffy recalculation;Taffy recalculation;Taffy recalculation;Taffy recalculation;Taffy recalculation;Taffy recalculation;Taffy recalculation;Taffy recalculation;Taffy recalculation;Taffy recalculation;Taffy recalculation;Taffy recalculation;Taffy recalculation;Taffy recalculation;Taffy recalculation;Taffy recalculation;Taffy recalculation
Filter,Virtual,75,1,1.359875,37,0,36,0,false,
Filter,Virtual,76,0,1.538208,37,0,36,34,false,Taffy recalculation;Taffy recalculation;Taffy recalculation;Taffy recalculation;Taffy recalculation;Taffy recalculation;Taffy recalculation;Taffy recalculation;Taffy recalculation;Taffy recalculation;Taffy recalculation;Taffy recalculation;Taffy recalculation;Taffy recalculation;Taffy recalculation;Taffy recalculation;Taffy recalculation;Taffy recalculation;Taffy recalculation;Taffy recalculation;Taffy recalculation;Taffy recalculation;Taffy recalculation;Taffy recalculation;Taffy recalculation;Taffy recalculation;Taffy recalculation;Taffy recalculation;Taffy recalculation;Taffy recalculation;Taffy recalculation;Taffy recalculation;Taffy recalculation;Taffy recalculation
Filter,Virtual,76,1,1.538208,37,0,36,0,false,
Filter,Virtual,77,0,1.185292,37,0,36,0,false,
Filter,Virtual,78,0,1.018917,37,0,36,0,false,
Filter,Virtual,79,0,1.163958,37,0,36,36,false,Taffy recalculation;Taffy recalculation;Taffy recalculation;Taffy recalculation;Taffy recalculation;Taffy recalculation;Taffy recalculation;Taffy recalculation;Taffy recalculation;Taffy recalculation;Taffy recalculation;Taffy recalculation;Taffy recalculation;Taffy recalculation;Taffy recalculation;Taffy recalculation;Taffy recalculation;Taffy recalculation;Taffy recalculation;Taffy recalculation;Taffy recalculation;Taffy recalculation;Taffy recalculation;Taffy recalculation;Taffy recalculation;Taffy recalculation;Taffy recalculation;Taffy recalculation;Taffy recalculation;Taffy recalculation;Taffy recalculation;Taffy recalculation;Taffy recalculation;Taffy recalculation;Taffy recalculation;Taffy recalculation
Filter,Virtual,79,1,1.163958,37,0,36,0,false,
Filter,Virtual,80,0,1.359292,37,0,36,19,false,Taffy recalculation;Taffy recalculation;Taffy recalculation;Taffy recalculation;Taffy recalculation;Taffy recalculation;Taffy recalculation;Taffy recalculation;Taffy recalculation;Taffy recalculation;Taffy recalculation;Taffy recalculation;Taffy recalculation;Taffy recalculation;Taffy recalculation;Taffy recalculation;Taffy recalculation;Taffy recalculation;Taffy recalculation
Filter,Virtual,80,1,1.359292,37,0,36,0,false,
Filter,Virtual,81,0,1.573417,37,0,36,34,false,Taffy recalculation;Taffy recalculation;Taffy recalculation;Taffy recalculation;Taffy recalculation;Taffy recalculation;Taffy recalculation;Taffy recalculation;Taffy recalculation;Taffy recalculation;Taffy recalculation;Taffy recalculation;Taffy recalculation;Taffy recalculation;Taffy recalculation;Taffy recalculation;Taffy recalculation;Taffy recalculation;Taffy recalculation;Taffy recalculation;Taffy recalculation;Taffy recalculation;Taffy recalculation;Taffy recalculation;Taffy recalculation;Taffy recalculation;Taffy recalculation;Taffy recalculation;Taffy recalculation;Taffy recalculation;Taffy recalculation;Taffy recalculation;Taffy recalculation;Taffy recalculation
Filter,Virtual,81,1,1.573417,37,0,36,0,false,
Filter,Virtual,82,0,1.117209,37,0,36,0,false,
Filter,Virtual,83,0,1.001250,37,0,36,0,false,
Filter,Virtual,84,0,1.242500,37,0,36,36,false,Taffy recalculation;Taffy recalculation;Taffy recalculation;Taffy recalculation;Taffy recalculation;Taffy recalculation;Taffy recalculation;Taffy recalculation;Taffy recalculation;Taffy recalculation;Taffy recalculation;Taffy recalculation;Taffy recalculation;Taffy recalculation;Taffy recalculation;Taffy recalculation;Taffy recalculation;Taffy recalculation;Taffy recalculation;Taffy recalculation;Taffy recalculation;Taffy recalculation;Taffy recalculation;Taffy recalculation;Taffy recalculation;Taffy recalculation;Taffy recalculation;Taffy recalculation;Taffy recalculation;Taffy recalculation;Taffy recalculation;Taffy recalculation;Taffy recalculation;Taffy recalculation;Taffy recalculation;Taffy recalculation
Filter,Virtual,84,1,1.242500,37,0,36,0,false,
Filter,Virtual,85,0,1.293375,37,0,36,19,false,Taffy recalculation;Taffy recalculation;Taffy recalculation;Taffy recalculation;Taffy recalculation;Taffy recalculation;Taffy recalculation;Taffy recalculation;Taffy recalculation;Taffy recalculation;Taffy recalculation;Taffy recalculation;Taffy recalculation;Taffy recalculation;Taffy recalculation;Taffy recalculation;Taffy recalculation;Taffy recalculation;Taffy recalculation
Filter,Virtual,85,1,1.293375,37,0,36,0,false,
Filter,Virtual,86,0,1.664292,37,0,36,34,false,Taffy recalculation;Taffy recalculation;Taffy recalculation;Taffy recalculation;Taffy recalculation;Taffy recalculation;Taffy recalculation;Taffy recalculation;Taffy recalculation;Taffy recalculation;Taffy recalculation;Taffy recalculation;Taffy recalculation;Taffy recalculation;Taffy recalculation;Taffy recalculation;Taffy recalculation;Taffy recalculation;Taffy recalculation;Taffy recalculation;Taffy recalculation;Taffy recalculation;Taffy recalculation;Taffy recalculation;Taffy recalculation;Taffy recalculation;Taffy recalculation;Taffy recalculation;Taffy recalculation;Taffy recalculation;Taffy recalculation;Taffy recalculation;Taffy recalculation;Taffy recalculation
Filter,Virtual,86,1,1.664292,37,0,36,0,false,
Filter,Virtual,87,0,1.181750,37,0,36,0,false,
Filter,Virtual,88,0,1.034250,37,0,36,0,false,
Filter,Virtual,89,0,1.276833,37,0,36,36,false,Taffy recalculation;Taffy recalculation;Taffy recalculation;Taffy recalculation;Taffy recalculation;Taffy recalculation;Taffy recalculation;Taffy recalculation;Taffy recalculation;Taffy recalculation;Taffy recalculation;Taffy recalculation;Taffy recalculation;Taffy recalculation;Taffy recalculation;Taffy recalculation;Taffy recalculation;Taffy recalculation;Taffy recalculation;Taffy recalculation;Taffy recalculation;Taffy recalculation;Taffy recalculation;Taffy recalculation;Taffy recalculation;Taffy recalculation;Taffy recalculation;Taffy recalculation;Taffy recalculation;Taffy recalculation;Taffy recalculation;Taffy recalculation;Taffy recalculation;Taffy recalculation;Taffy recalculation;Taffy recalculation
Filter,Virtual,89,1,1.276833,37,0,36,0,false,
Filter,Virtual,90,0,1.312667,37,0,36,19,false,Taffy recalculation;Taffy recalculation;Taffy recalculation;Taffy recalculation;Taffy recalculation;Taffy recalculation;Taffy recalculation;Taffy recalculation;Taffy recalculation;Taffy recalculation;Taffy recalculation;Taffy recalculation;Taffy recalculation;Taffy recalculation;Taffy recalculation;Taffy recalculation;Taffy recalculation;Taffy recalculation;Taffy recalculation
Filter,Virtual,90,1,1.312667,37,0,36,0,false,
Filter,Virtual,91,0,1.542167,37,0,36,34,false,Taffy recalculation;Taffy recalculation;Taffy recalculation;Taffy recalculation;Taffy recalculation;Taffy recalculation;Taffy recalculation;Taffy recalculation;Taffy recalculation;Taffy recalculation;Taffy recalculation;Taffy recalculation;Taffy recalculation;Taffy recalculation;Taffy recalculation;Taffy recalculation;Taffy recalculation;Taffy recalculation;Taffy recalculation;Taffy recalculation;Taffy recalculation;Taffy recalculation;Taffy recalculation;Taffy recalculation;Taffy recalculation;Taffy recalculation;Taffy recalculation;Taffy recalculation;Taffy recalculation;Taffy recalculation;Taffy recalculation;Taffy recalculation;Taffy recalculation;Taffy recalculation
Filter,Virtual,91,1,1.542167,37,0,36,0,false,
Filter,Virtual,92,0,1.170917,37,0,36,0,false,
Filter,Virtual,93,0,1.000709,37,0,36,0,false,
Filter,Virtual,94,0,1.186625,37,0,36,36,false,Taffy recalculation;Taffy recalculation;Taffy recalculation;Taffy recalculation;Taffy recalculation;Taffy recalculation;Taffy recalculation;Taffy recalculation;Taffy recalculation;Taffy recalculation;Taffy recalculation;Taffy recalculation;Taffy recalculation;Taffy recalculation;Taffy recalculation;Taffy recalculation;Taffy recalculation;Taffy recalculation;Taffy recalculation;Taffy recalculation;Taffy recalculation;Taffy recalculation;Taffy recalculation;Taffy recalculation;Taffy recalculation;Taffy recalculation;Taffy recalculation;Taffy recalculation;Taffy recalculation;Taffy recalculation;Taffy recalculation;Taffy recalculation;Taffy recalculation;Taffy recalculation;Taffy recalculation;Taffy recalculation
Filter,Virtual,94,1,1.186625,37,0,36,0,false,
Filter,Virtual,95,0,1.423417,37,0,36,19,false,Taffy recalculation;Taffy recalculation;Taffy recalculation;Taffy recalculation;Taffy recalculation;Taffy recalculation;Taffy recalculation;Taffy recalculation;Taffy recalculation;Taffy recalculation;Taffy recalculation;Taffy recalculation;Taffy recalculation;Taffy recalculation;Taffy recalculation;Taffy recalculation;Taffy recalculation;Taffy recalculation;Taffy recalculation
Filter,Virtual,95,1,1.423417,37,0,36,0,false,
Filter,Virtual,96,0,1.611917,37,0,36,34,false,Taffy recalculation;Taffy recalculation;Taffy recalculation;Taffy recalculation;Taffy recalculation;Taffy recalculation;Taffy recalculation;Taffy recalculation;Taffy recalculation;Taffy recalculation;Taffy recalculation;Taffy recalculation;Taffy recalculation;Taffy recalculation;Taffy recalculation;Taffy recalculation;Taffy recalculation;Taffy recalculation;Taffy recalculation;Taffy recalculation;Taffy recalculation;Taffy recalculation;Taffy recalculation;Taffy recalculation;Taffy recalculation;Taffy recalculation;Taffy recalculation;Taffy recalculation;Taffy recalculation;Taffy recalculation;Taffy recalculation;Taffy recalculation;Taffy recalculation;Taffy recalculation
Filter,Virtual,96,1,1.611917,37,0,36,0,false,
Filter,Virtual,97,0,1.123375,37,0,36,0,false,
Filter,Virtual,98,0,1.001250,37,0,36,0,false,
Filter,Virtual,99,0,1.310666,37,0,36,36,false,Taffy recalculation;Taffy recalculation;Taffy recalculation;Taffy recalculation;Taffy recalculation;Taffy recalculation;Taffy recalculation;Taffy recalculation;Taffy recalculation;Taffy recalculation;Taffy recalculation;Taffy recalculation;Taffy recalculation;Taffy recalculation;Taffy recalculation;Taffy recalculation;Taffy recalculation;Taffy recalculation;Taffy recalculation;Taffy recalculation;Taffy recalculation;Taffy recalculation;Taffy recalculation;Taffy recalculation;Taffy recalculation;Taffy recalculation;Taffy recalculation;Taffy recalculation;Taffy recalculation;Taffy recalculation;Taffy recalculation;Taffy recalculation;Taffy recalculation;Taffy recalculation;Taffy recalculation;Taffy recalculation
Filter,Virtual,99,1,1.310666,37,0,36,0,false,
Filter,Virtual,100,0,1.251458,37,0,36,19,false,Taffy recalculation;Taffy recalculation;Taffy recalculation;Taffy recalculation;Taffy recalculation;Taffy recalculation;Taffy recalculation;Taffy recalculation;Taffy recalculation;Taffy recalculation;Taffy recalculation;Taffy recalculation;Taffy recalculation;Taffy recalculation;Taffy recalculation;Taffy recalculation;Taffy recalculation;Taffy recalculation;Taffy recalculation
Filter,Virtual,100,1,1.251458,37,0,36,0,false,
Filter,Virtual,101,0,1.649625,37,0,36,34,false,Taffy recalculation;Taffy recalculation;Taffy recalculation;Taffy recalculation;Taffy recalculation;Taffy recalculation;Taffy recalculation;Taffy recalculation;Taffy recalculation;Taffy recalculation;Taffy recalculation;Taffy recalculation;Taffy recalculation;Taffy recalculation;Taffy recalculation;Taffy recalculation;Taffy recalculation;Taffy recalculation;Taffy recalculation;Taffy recalculation;Taffy recalculation;Taffy recalculation;Taffy recalculation;Taffy recalculation;Taffy recalculation;Taffy recalculation;Taffy recalculation;Taffy recalculation;Taffy recalculation;Taffy recalculation;Taffy recalculation;Taffy recalculation;Taffy recalculation;Taffy recalculation
Filter,Virtual,101,1,1.649625,37,0,36,0,false,
Filter,Virtual,102,0,1.129541,37,0,36,0,false,
Filter,Virtual,103,0,0.983625,37,0,36,0,false,
Filter,Virtual,104,0,1.334667,37,0,36,36,false,Taffy recalculation;Taffy recalculation;Taffy recalculation;Taffy recalculation;Taffy recalculation;Taffy recalculation;Taffy recalculation;Taffy recalculation;Taffy recalculation;Taffy recalculation;Taffy recalculation;Taffy recalculation;Taffy recalculation;Taffy recalculation;Taffy recalculation;Taffy recalculation;Taffy recalculation;Taffy recalculation;Taffy recalculation;Taffy recalculation;Taffy recalculation;Taffy recalculation;Taffy recalculation;Taffy recalculation;Taffy recalculation;Taffy recalculation;Taffy recalculation;Taffy recalculation;Taffy recalculation;Taffy recalculation;Taffy recalculation;Taffy recalculation;Taffy recalculation;Taffy recalculation;Taffy recalculation;Taffy recalculation
Filter,Virtual,104,1,1.334667,37,0,36,0,false,
Filter,Virtual,105,0,1.376583,37,0,36,19,false,Taffy recalculation;Taffy recalculation;Taffy recalculation;Taffy recalculation;Taffy recalculation;Taffy recalculation;Taffy recalculation;Taffy recalculation;Taffy recalculation;Taffy recalculation;Taffy recalculation;Taffy recalculation;Taffy recalculation;Taffy recalculation;Taffy recalculation;Taffy recalculation;Taffy recalculation;Taffy recalculation;Taffy recalculation
Filter,Virtual,105,1,1.376583,37,0,36,0,false,
Filter,Virtual,106,0,1.471125,37,0,36,34,false,Taffy recalculation;Taffy recalculation;Taffy recalculation;Taffy recalculation;Taffy recalculation;Taffy recalculation;Taffy recalculation;Taffy recalculation;Taffy recalculation;Taffy recalculation;Taffy recalculation;Taffy recalculation;Taffy recalculation;Taffy recalculation;Taffy recalculation;Taffy recalculation;Taffy recalculation;Taffy recalculation;Taffy recalculation;Taffy recalculation;Taffy recalculation;Taffy recalculation;Taffy recalculation;Taffy recalculation;Taffy recalculation;Taffy recalculation;Taffy recalculation;Taffy recalculation;Taffy recalculation;Taffy recalculation;Taffy recalculation;Taffy recalculation;Taffy recalculation;Taffy recalculation
Filter,Virtual,106,1,1.471125,37,0,36,0,false,
Filter,Virtual,107,0,1.095667,37,0,36,0,false,
Filter,Virtual,108,0,0.976750,37,0,36,0,false,
Filter,Virtual,109,0,1.157625,37,0,36,36,false,Taffy recalculation;Taffy recalculation;Taffy recalculation;Taffy recalculation;Taffy recalculation;Taffy recalculation;Taffy recalculation;Taffy recalculation;Taffy recalculation;Taffy recalculation;Taffy recalculation;Taffy recalculation;Taffy recalculation;Taffy recalculation;Taffy recalculation;Taffy recalculation;Taffy recalculation;Taffy recalculation;Taffy recalculation;Taffy recalculation;Taffy recalculation;Taffy recalculation;Taffy recalculation;Taffy recalculation;Taffy recalculation;Taffy recalculation;Taffy recalculation;Taffy recalculation;Taffy recalculation;Taffy recalculation;Taffy recalculation;Taffy recalculation;Taffy recalculation;Taffy recalculation;Taffy recalculation;Taffy recalculation
Filter,Virtual,109,1,1.157625,37,0,36,0,false,
Filter,Virtual,110,0,1.320500,37,0,36,19,false,Taffy recalculation;Taffy recalculation;Taffy recalculation;Taffy recalculation;Taffy recalculation;Taffy recalculation;Taffy recalculation;Taffy recalculation;Taffy recalculation;Taffy recalculation;Taffy recalculation;Taffy recalculation;Taffy recalculation;Taffy recalculation;Taffy recalculation;Taffy recalculation;Taffy recalculation;Taffy recalculation;Taffy recalculation
Filter,Virtual,110,1,1.320500,37,0,36,0,false,
Filter,Virtual,111,0,1.686917,37,0,36,34,false,Taffy recalculation;Taffy recalculation;Taffy recalculation;Taffy recalculation;Taffy recalculation;Taffy recalculation;Taffy recalculation;Taffy recalculation;Taffy recalculation;Taffy recalculation;Taffy recalculation;Taffy recalculation;Taffy recalculation;Taffy recalculation;Taffy recalculation;Taffy recalculation;Taffy recalculation;Taffy recalculation;Taffy recalculation;Taffy recalculation;Taffy recalculation;Taffy recalculation;Taffy recalculation;Taffy recalculation;Taffy recalculation;Taffy recalculation;Taffy recalculation;Taffy recalculation;Taffy recalculation;Taffy recalculation;Taffy recalculation;Taffy recalculation;Taffy recalculation;Taffy recalculation
Filter,Virtual,111,1,1.686917,37,0,36,0,false,
Filter,Virtual,112,0,1.158209,37,0,36,0,false,
Filter,Virtual,113,0,0.991666,37,0,36,0,false,
Filter,Virtual,114,0,1.221916,37,0,36,36,false,Taffy recalculation;Taffy recalculation;Taffy recalculation;Taffy recalculation;Taffy recalculation;Taffy recalculation;Taffy recalculation;Taffy recalculation;Taffy recalculation;Taffy recalculation;Taffy recalculation;Taffy recalculation;Taffy recalculation;Taffy recalculation;Taffy recalculation;Taffy recalculation;Taffy recalculation;Taffy recalculation;Taffy recalculation;Taffy recalculation;Taffy recalculation;Taffy recalculation;Taffy recalculation;Taffy recalculation;Taffy recalculation;Taffy recalculation;Taffy recalculation;Taffy recalculation;Taffy recalculation;Taffy recalculation;Taffy recalculation;Taffy recalculation;Taffy recalculation;Taffy recalculation;Taffy recalculation;Taffy recalculation
Filter,Virtual,114,1,1.221916,37,0,36,0,false,
Filter,Virtual,115,0,1.211709,37,0,36,19,false,Taffy recalculation;Taffy recalculation;Taffy recalculation;Taffy recalculation;Taffy recalculation;Taffy recalculation;Taffy recalculation;Taffy recalculation;Taffy recalculation;Taffy recalculation;Taffy recalculation;Taffy recalculation;Taffy recalculation;Taffy recalculation;Taffy recalculation;Taffy recalculation;Taffy recalculation;Taffy recalculation;Taffy recalculation
Filter,Virtual,115,1,1.211709,37,0,36,0,false,
Filter,Virtual,116,0,1.637750,37,0,36,34,false,Taffy recalculation;Taffy recalculation;Taffy recalculation;Taffy recalculation;Taffy recalculation;Taffy recalculation;Taffy recalculation;Taffy recalculation;Taffy recalculation;Taffy recalculation;Taffy recalculation;Taffy recalculation;Taffy recalculation;Taffy recalculation;Taffy recalculation;Taffy recalculation;Taffy recalculation;Taffy recalculation;Taffy recalculation;Taffy recalculation;Taffy recalculation;Taffy recalculation;Taffy recalculation;Taffy recalculation;Taffy recalculation;Taffy recalculation;Taffy recalculation;Taffy recalculation;Taffy recalculation;Taffy recalculation;Taffy recalculation;Taffy recalculation;Taffy recalculation;Taffy recalculation
Filter,Virtual,116,1,1.637750,37,0,36,0,false,
Filter,Virtual,117,0,1.102334,37,0,36,0,false,
Filter,Virtual,118,0,0.963542,37,0,36,0,false,
Filter,Virtual,119,0,1.277583,37,0,36,36,false,Taffy recalculation;Taffy recalculation;Taffy recalculation;Taffy recalculation;Taffy recalculation;Taffy recalculation;Taffy recalculation;Taffy recalculation;Taffy recalculation;Taffy recalculation;Taffy recalculation;Taffy recalculation;Taffy recalculation;Taffy recalculation;Taffy recalculation;Taffy recalculation;Taffy recalculation;Taffy recalculation;Taffy recalculation;Taffy recalculation;Taffy recalculation;Taffy recalculation;Taffy recalculation;Taffy recalculation;Taffy recalculation;Taffy recalculation;Taffy recalculation;Taffy recalculation;Taffy recalculation;Taffy recalculation;Taffy recalculation;Taffy recalculation;Taffy recalculation;Taffy recalculation;Taffy recalculation;Taffy recalculation
Filter,Virtual,119,1,1.277583,37,0,36,0,false,
Filter,Plain,0,0,0.976292,37,0,36,0,false,
Filter,Plain,1,0,1.272791,37,0,36,0,false,
Filter,Plain,2,0,1.033959,37,0,36,0,false,
Filter,Plain,3,0,0.910458,37,0,36,0,false,
Filter,Plain,4,0,0.818083,37,0,36,0,false,
Filter,Plain,5,0,0.974083,37,0,36,0,false,
Filter,Plain,6,0,1.302292,37,0,36,0,false,
Filter,Plain,7,0,1.053042,37,0,36,0,false,
Filter,Plain,8,0,0.884125,37,0,36,0,false,
Filter,Plain,9,0,0.870333,37,0,36,0,false,
Filter,Plain,10,0,0.932417,37,0,36,0,false,
Filter,Plain,11,0,1.290083,37,0,36,0,false,
Filter,Plain,12,0,1.065250,37,0,36,0,false,
Filter,Plain,13,0,0.904125,37,0,36,0,false,
Filter,Plain,14,0,0.844584,37,0,36,0,false,
Filter,Plain,15,0,1.020334,37,0,36,0,false,
Filter,Plain,16,0,1.198791,37,0,36,0,false,
Filter,Plain,17,0,1.002500,37,0,36,0,false,
Filter,Plain,18,0,0.872625,37,0,36,0,false,
Filter,Plain,19,0,0.805584,37,0,36,0,false,
Filter,Plain,20,0,1.119583,37,0,36,0,false,
Filter,Plain,21,0,1.255083,37,0,36,0,false,
Filter,Plain,22,0,1.053542,37,0,36,0,false,
Filter,Plain,23,0,0.882833,37,0,36,0,false,
Filter,Plain,24,0,0.868833,37,0,36,0,false,
Filter,Plain,25,0,0.966417,37,0,36,0,false,
Filter,Plain,26,0,1.317458,37,0,36,0,false,
Filter,Plain,27,0,1.077833,37,0,36,0,false,
Filter,Plain,28,0,0.900958,37,0,36,0,false,
Filter,Plain,29,0,0.855166,37,0,36,0,false,
Filter,Plain,30,0,1.047458,37,0,36,0,false,
Filter,Plain,31,0,1.237291,37,0,36,0,false,
Filter,Plain,32,0,1.059333,37,0,36,0,false,
Filter,Plain,33,0,0.927000,37,0,36,0,false,
Filter,Plain,34,0,0.839583,37,0,36,0,false,
Filter,Plain,35,0,1.060834,37,0,36,0,false,
Filter,Plain,36,0,1.282458,37,0,36,0,false,
Filter,Plain,37,0,1.059916,37,0,36,0,false,
Filter,Plain,38,0,0.890000,37,0,36,0,false,
Filter,Plain,39,0,0.862375,37,0,36,0,false,
Filter,Plain,40,0,0.965542,37,0,36,0,false,
Filter,Plain,41,0,1.375334,37,0,36,0,false,
Filter,Plain,42,0,1.098834,37,0,36,0,false,
Filter,Plain,43,0,0.878291,37,0,36,0,false,
Filter,Plain,44,0,0.850875,37,0,36,0,false,
Filter,Plain,45,0,0.985708,37,0,36,0,false,
Filter,Plain,46,0,1.259875,37,0,36,0,false,
Filter,Plain,47,0,1.075458,37,0,36,0,false,
Filter,Plain,48,0,0.896000,37,0,36,0,false,
Filter,Plain,49,0,0.836292,37,0,36,0,false,
Filter,Plain,50,0,1.011333,37,0,36,0,false,
Filter,Plain,51,0,1.309083,37,0,36,0,false,
Filter,Plain,52,0,1.091375,37,0,36,0,false,
Filter,Plain,53,0,0.932167,37,0,36,0,false,
Filter,Plain,54,0,0.883208,37,0,36,0,false,
Filter,Plain,55,0,1.003708,37,0,36,0,false,
Filter,Plain,56,0,1.306541,37,0,36,0,false,
Filter,Plain,57,0,1.055209,37,0,36,0,false,
Filter,Plain,58,0,0.907000,37,0,36,0,false,
Filter,Plain,59,0,0.869542,37,0,36,0,false,
Filter,Plain,60,0,1.069084,37,0,36,0,false,
Filter,Plain,61,0,1.305792,37,0,36,0,false,
Filter,Plain,62,0,1.050042,37,0,36,0,false,
Filter,Plain,63,0,0.907917,37,0,36,0,false,
Filter,Plain,64,0,0.831583,37,0,36,0,false,
Filter,Plain,65,0,1.132625,37,0,36,0,false,
Filter,Plain,66,0,1.274458,37,0,36,0,false,
Filter,Plain,67,0,1.067375,37,0,36,0,false,
Filter,Plain,68,0,0.892958,37,0,36,0,false,
Filter,Plain,69,0,0.863291,37,0,36,0,false,
Filter,Plain,70,0,0.967750,37,0,36,0,false,
Filter,Plain,71,0,1.270542,37,0,36,0,false,
Filter,Plain,72,0,1.052458,37,0,36,0,false,
Filter,Plain,73,0,0.913833,37,0,36,0,false,
Filter,Plain,74,0,0.833417,37,0,36,0,false,
Filter,Plain,75,0,1.011208,37,0,36,0,false,
Filter,Plain,76,0,1.291084,37,0,36,0,false,
Filter,Plain,77,0,1.093333,37,0,36,0,false,
Filter,Plain,78,0,0.912125,37,0,36,0,false,
Filter,Plain,79,0,0.829375,37,0,36,0,false,
Filter,Plain,80,0,0.991708,37,0,36,0,false,
Filter,Plain,81,0,1.269709,37,0,36,0,false,
Filter,Plain,82,0,1.049791,37,0,36,0,false,
Filter,Plain,83,0,0.893458,37,0,36,0,false,
Filter,Plain,84,0,0.860709,37,0,36,0,false,
Filter,Plain,85,0,0.984250,37,0,36,0,false,
Filter,Plain,86,0,1.307209,37,0,36,0,false,
Filter,Plain,87,0,1.102000,37,0,36,0,false,
Filter,Plain,88,0,0.923583,37,0,36,0,false,
Filter,Plain,89,0,0.850666,37,0,36,0,false,
Filter,Plain,90,0,1.035500,37,0,36,0,false,
Filter,Plain,91,0,1.265542,37,0,36,0,false,
Filter,Plain,92,0,1.084375,37,0,36,0,false,
Filter,Plain,93,0,0.894333,37,0,36,0,false,
Filter,Plain,94,0,0.841917,37,0,36,0,false,
Filter,Plain,95,0,0.997125,37,0,36,0,false,
Filter,Plain,96,0,1.269167,37,0,36,0,false,
Filter,Plain,97,0,1.093959,37,0,36,0,false,
Filter,Plain,98,0,0.903375,37,0,36,0,false,
Filter,Plain,99,0,0.891708,37,0,36,0,false,
Filter,Plain,100,0,1.001708,37,0,36,0,false,
Filter,Plain,101,0,1.310417,37,0,36,0,false,
Filter,Plain,102,0,1.083542,37,0,36,0,false,
Filter,Plain,103,0,0.920500,37,0,36,0,false,
Filter,Plain,104,0,0.863792,37,0,36,0,false,
Filter,Plain,105,0,1.006417,37,0,36,0,false,
Filter,Plain,106,0,1.186500,37,0,36,0,false,
Filter,Plain,107,0,1.024250,37,0,36,0,false,
Filter,Plain,108,0,0.869917,37,0,36,0,false,
Filter,Plain,109,0,0.820125,37,0,36,0,false,
Filter,Plain,110,0,1.130375,37,0,36,0,false,
Filter,Plain,111,0,1.205875,37,0,36,0,false,
Filter,Plain,112,0,1.027041,37,0,36,0,false,
Filter,Plain,113,0,0.852292,37,0,36,0,false,
Filter,Plain,114,0,0.853083,37,0,36,0,false,
Filter,Plain,115,0,0.918042,37,0,36,0,false,
Filter,Plain,116,0,1.376250,37,0,36,0,false,
Filter,Plain,117,0,1.050041,37,0,36,0,false,
Filter,Plain,118,0,0.893708,37,0,36,0,false,
Filter,Plain,119,0,0.854000,37,0,36,0,false,
Resize,All,0,0,42.595500,10000,0,9999,0,false,
Resize,All,1,0,132.339334,10000,0,9999,1,false,Taffy recalculation
Resize,All,1,1,132.339334,10000,0,9999,1,false,Taffy recalculation
Resize,All,1,2,132.339334,10000,0,9999,0,false,
Resize,All,2,0,129.552167,10000,0,9999,1,false,Taffy recalculation
Resize,All,2,1,129.552167,10000,0,9999,1,false,Taffy recalculation
Resize,All,2,2,129.552167,10000,0,9999,0,false,
Resize,All,3,0,134.933042,10000,0,9999,1,false,Taffy recalculation
Resize,All,3,1,134.933042,10000,0,9999,1,false,Taffy recalculation
Resize,All,3,2,134.933042,10000,0,9999,0,false,
Resize,All,4,0,134.370708,10000,0,9999,1,false,Taffy recalculation
Resize,All,4,1,134.370708,10000,0,9999,1,false,Taffy recalculation
Resize,All,4,2,134.370708,10000,0,9999,0,false,
Resize,All,5,0,129.673583,10000,0,9999,1,false,Taffy recalculation
Resize,All,5,1,129.673583,10000,0,9999,1,false,Taffy recalculation
Resize,All,5,2,129.673583,10000,0,9999,0,false,
Resize,All,6,0,128.518250,10000,0,9999,1,false,Taffy recalculation
Resize,All,6,1,128.518250,10000,0,9999,1,false,Taffy recalculation
Resize,All,6,2,128.518250,10000,0,9999,0,false,
Resize,All,7,0,134.813459,10000,0,9999,1,false,Taffy recalculation
Resize,All,7,1,134.813459,10000,0,9999,1,false,Taffy recalculation
Resize,All,7,2,134.813459,10000,0,9999,0,false,
Resize,All,8,0,130.122625,10000,0,9999,1,false,Taffy recalculation
Resize,All,8,1,130.122625,10000,0,9999,1,false,Taffy recalculation
Resize,All,8,2,130.122625,10000,0,9999,0,false,
Resize,All,9,0,130.792917,10000,0,9999,1,false,Taffy recalculation
Resize,All,9,1,130.792917,10000,0,9999,1,false,Taffy recalculation
Resize,All,9,2,130.792917,10000,0,9999,0,false,
Resize,All,10,0,133.564458,10000,0,9999,1,false,Taffy recalculation
Resize,All,10,1,133.564458,10000,0,9999,1,false,Taffy recalculation
Resize,All,10,2,133.564458,10000,0,9999,0,false,
Resize,All,11,0,128.746250,10000,0,9999,1,false,Taffy recalculation
Resize,All,11,1,128.746250,10000,0,9999,1,false,Taffy recalculation
Resize,All,11,2,128.746250,10000,0,9999,0,false,
Resize,All,12,0,134.288167,10000,0,9999,1,false,Taffy recalculation
Resize,All,12,1,134.288167,10000,0,9999,1,false,Taffy recalculation
Resize,All,12,2,134.288167,10000,0,9999,0,false,
Resize,All,13,0,129.845333,10000,0,9999,1,false,Taffy recalculation
Resize,All,13,1,129.845333,10000,0,9999,1,false,Taffy recalculation
Resize,All,13,2,129.845333,10000,0,9999,0,false,
Resize,All,14,0,130.109250,10000,0,9999,1,false,Taffy recalculation
Resize,All,14,1,130.109250,10000,0,9999,1,false,Taffy recalculation
Resize,All,14,2,130.109250,10000,0,9999,0,false,
Resize,All,15,0,129.654292,10000,0,9999,1,false,Taffy recalculation
Resize,All,15,1,129.654292,10000,0,9999,1,false,Taffy recalculation
Resize,All,15,2,129.654292,10000,0,9999,0,false,
Resize,All,16,0,132.135416,10000,0,9999,1,false,Taffy recalculation
Resize,All,16,1,132.135416,10000,0,9999,1,false,Taffy recalculation
Resize,All,16,2,132.135416,10000,0,9999,0,false,
Resize,All,17,0,130.439166,10000,0,9999,1,false,Taffy recalculation
Resize,All,17,1,130.439166,10000,0,9999,1,false,Taffy recalculation
Resize,All,17,2,130.439166,10000,0,9999,0,false,
Resize,All,18,0,134.096208,10000,0,9999,1,false,Taffy recalculation
Resize,All,18,1,134.096208,10000,0,9999,1,false,Taffy recalculation
Resize,All,18,2,134.096208,10000,0,9999,0,false,
Resize,All,19,0,134.639667,10000,0,9999,1,false,Taffy recalculation
Resize,All,19,1,134.639667,10000,0,9999,1,false,Taffy recalculation
Resize,All,19,2,134.639667,10000,0,9999,0,false,
Resize,All,20,0,130.972250,10000,0,9999,1,false,Taffy recalculation
Resize,All,20,1,130.972250,10000,0,9999,1,false,Taffy recalculation
Resize,All,20,2,130.972250,10000,0,9999,0,false,
Resize,All,21,0,129.666459,10000,0,9999,1,false,Taffy recalculation
Resize,All,21,1,129.666459,10000,0,9999,1,false,Taffy recalculation
Resize,All,21,2,129.666459,10000,0,9999,0,false,
Resize,All,22,0,131.789000,10000,0,9999,1,false,Taffy recalculation
Resize,All,22,1,131.789000,10000,0,9999,1,false,Taffy recalculation
Resize,All,22,2,131.789000,10000,0,9999,0,false,
Resize,All,23,0,133.644958,10000,0,9999,1,false,Taffy recalculation
Resize,All,23,1,133.644958,10000,0,9999,1,false,Taffy recalculation
Resize,All,23,2,133.644958,10000,0,9999,0,false,
Resize,All,24,0,132.040500,10000,0,9999,1,false,Taffy recalculation
Resize,All,24,1,132.040500,10000,0,9999,1,false,Taffy recalculation
Resize,All,24,2,132.040500,10000,0,9999,0,false,
Resize,All,25,0,132.538625,10000,0,9999,1,false,Taffy recalculation
Resize,All,25,1,132.538625,10000,0,9999,1,false,Taffy recalculation
Resize,All,25,2,132.538625,10000,0,9999,0,false,
Resize,All,26,0,131.459541,10000,0,9999,1,false,Taffy recalculation
Resize,All,26,1,131.459541,10000,0,9999,1,false,Taffy recalculation
Resize,All,26,2,131.459541,10000,0,9999,0,false,
Resize,All,27,0,138.191209,10000,0,9999,1,false,Taffy recalculation
Resize,All,27,1,138.191209,10000,0,9999,1,false,Taffy recalculation
Resize,All,27,2,138.191209,10000,0,9999,0,false,
Resize,All,28,0,127.726583,10000,0,9999,1,false,Taffy recalculation
Resize,All,28,1,127.726583,10000,0,9999,1,false,Taffy recalculation
Resize,All,28,2,127.726583,10000,0,9999,0,false,
Resize,All,29,0,127.598958,10000,0,9999,1,false,Taffy recalculation
Resize,All,29,1,127.598958,10000,0,9999,1,false,Taffy recalculation
Resize,All,29,2,127.598958,10000,0,9999,0,false,
Resize,All,30,0,129.855167,10000,0,9999,1,false,Taffy recalculation
Resize,All,30,1,129.855167,10000,0,9999,1,false,Taffy recalculation
Resize,All,30,2,129.855167,10000,0,9999,0,false,
Resize,All,31,0,128.156709,10000,0,9999,1,false,Taffy recalculation
Resize,All,31,1,128.156709,10000,0,9999,1,false,Taffy recalculation
Resize,All,31,2,128.156709,10000,0,9999,0,false,
Resize,All,32,0,127.867500,10000,0,9999,1,false,Taffy recalculation
Resize,All,32,1,127.867500,10000,0,9999,1,false,Taffy recalculation
Resize,All,32,2,127.867500,10000,0,9999,0,false,
Resize,All,33,0,132.983041,10000,0,9999,1,false,Taffy recalculation
Resize,All,33,1,132.983041,10000,0,9999,1,false,Taffy recalculation
Resize,All,33,2,132.983041,10000,0,9999,0,false,
Resize,All,34,0,136.806583,10000,0,9999,1,false,Taffy recalculation
Resize,All,34,1,136.806583,10000,0,9999,1,false,Taffy recalculation
Resize,All,34,2,136.806583,10000,0,9999,0,false,
Resize,All,35,0,132.537500,10000,0,9999,1,false,Taffy recalculation
Resize,All,35,1,132.537500,10000,0,9999,1,false,Taffy recalculation
Resize,All,35,2,132.537500,10000,0,9999,0,false,
Resize,All,36,0,128.838958,10000,0,9999,1,false,Taffy recalculation
Resize,All,36,1,128.838958,10000,0,9999,1,false,Taffy recalculation
Resize,All,36,2,128.838958,10000,0,9999,0,false,
Resize,All,37,0,130.984834,10000,0,9999,1,false,Taffy recalculation
Resize,All,37,1,130.984834,10000,0,9999,1,false,Taffy recalculation
Resize,All,37,2,130.984834,10000,0,9999,0,false,
Resize,All,38,0,131.397459,10000,0,9999,1,false,Taffy recalculation
Resize,All,38,1,131.397459,10000,0,9999,1,false,Taffy recalculation
Resize,All,38,2,131.397459,10000,0,9999,0,false,
Resize,All,39,0,129.350541,10000,0,9999,1,false,Taffy recalculation
Resize,All,39,1,129.350541,10000,0,9999,1,false,Taffy recalculation
Resize,All,39,2,129.350541,10000,0,9999,0,false,
Resize,All,40,0,130.998542,10000,0,9999,1,false,Taffy recalculation
Resize,All,40,1,130.998542,10000,0,9999,1,false,Taffy recalculation
Resize,All,40,2,130.998542,10000,0,9999,0,false,
Resize,All,41,0,130.315375,10000,0,9999,1,false,Taffy recalculation
Resize,All,41,1,130.315375,10000,0,9999,1,false,Taffy recalculation
Resize,All,41,2,130.315375,10000,0,9999,0,false,
Resize,All,42,0,135.722625,10000,0,9999,1,false,Taffy recalculation
Resize,All,42,1,135.722625,10000,0,9999,1,false,Taffy recalculation
Resize,All,42,2,135.722625,10000,0,9999,0,false,
Resize,All,43,0,128.826667,10000,0,9999,1,false,Taffy recalculation
Resize,All,43,1,128.826667,10000,0,9999,1,false,Taffy recalculation
Resize,All,43,2,128.826667,10000,0,9999,0,false,
Resize,All,44,0,129.077250,10000,0,9999,1,false,Taffy recalculation
Resize,All,44,1,129.077250,10000,0,9999,1,false,Taffy recalculation
Resize,All,44,2,129.077250,10000,0,9999,0,false,
Resize,All,45,0,129.345750,10000,0,9999,1,false,Taffy recalculation
Resize,All,45,1,129.345750,10000,0,9999,1,false,Taffy recalculation
Resize,All,45,2,129.345750,10000,0,9999,0,false,
Resize,All,46,0,129.446666,10000,0,9999,1,false,Taffy recalculation
Resize,All,46,1,129.446666,10000,0,9999,1,false,Taffy recalculation
Resize,All,46,2,129.446666,10000,0,9999,0,false,
Resize,All,47,0,132.890959,10000,0,9999,1,false,Taffy recalculation
Resize,All,47,1,132.890959,10000,0,9999,1,false,Taffy recalculation
Resize,All,47,2,132.890959,10000,0,9999,0,false,
Resize,All,48,0,134.062875,10000,0,9999,1,false,Taffy recalculation
Resize,All,48,1,134.062875,10000,0,9999,1,false,Taffy recalculation
Resize,All,48,2,134.062875,10000,0,9999,0,false,
Resize,All,49,0,130.512166,10000,0,9999,1,false,Taffy recalculation
Resize,All,49,1,130.512166,10000,0,9999,1,false,Taffy recalculation
Resize,All,49,2,130.512166,10000,0,9999,0,false,
Resize,All,50,0,134.073750,10000,0,9999,1,false,Taffy recalculation
Resize,All,50,1,134.073750,10000,0,9999,1,false,Taffy recalculation
Resize,All,50,2,134.073750,10000,0,9999,0,false,
Resize,All,51,0,128.985958,10000,0,9999,1,false,Taffy recalculation
Resize,All,51,1,128.985958,10000,0,9999,1,false,Taffy recalculation
Resize,All,51,2,128.985958,10000,0,9999,0,false,
Resize,All,52,0,129.219667,10000,0,9999,1,false,Taffy recalculation
Resize,All,52,1,129.219667,10000,0,9999,1,false,Taffy recalculation
Resize,All,52,2,129.219667,10000,0,9999,0,false,
Resize,All,53,0,129.263708,10000,0,9999,1,false,Taffy recalculation
Resize,All,53,1,129.263708,10000,0,9999,1,false,Taffy recalculation
Resize,All,53,2,129.263708,10000,0,9999,0,false,
Resize,All,54,0,129.615917,10000,0,9999,1,false,Taffy recalculation
Resize,All,54,1,129.615917,10000,0,9999,1,false,Taffy recalculation
Resize,All,54,2,129.615917,10000,0,9999,0,false,
Resize,All,55,0,129.973250,10000,0,9999,1,false,Taffy recalculation
Resize,All,55,1,129.973250,10000,0,9999,1,false,Taffy recalculation
Resize,All,55,2,129.973250,10000,0,9999,0,false,
Resize,All,56,0,133.166958,10000,0,9999,1,false,Taffy recalculation
Resize,All,56,1,133.166958,10000,0,9999,1,false,Taffy recalculation
Resize,All,56,2,133.166958,10000,0,9999,0,false,
Resize,All,57,0,133.258541,10000,0,9999,1,false,Taffy recalculation
Resize,All,57,1,133.258541,10000,0,9999,1,false,Taffy recalculation
Resize,All,57,2,133.258541,10000,0,9999,0,false,
Resize,All,58,0,129.337750,10000,0,9999,1,false,Taffy recalculation
Resize,All,58,1,129.337750,10000,0,9999,1,false,Taffy recalculation
Resize,All,58,2,129.337750,10000,0,9999,0,false,
Resize,All,59,0,128.401750,10000,0,9999,1,false,Taffy recalculation
Resize,All,59,1,128.401750,10000,0,9999,1,false,Taffy recalculation
Resize,All,59,2,128.401750,10000,0,9999,0,false,
Resize,All,60,0,130.576208,10000,0,9999,1,false,Taffy recalculation
Resize,All,60,1,130.576208,10000,0,9999,1,false,Taffy recalculation
Resize,All,60,2,130.576208,10000,0,9999,0,false,
Resize,All,61,0,131.061458,10000,0,9999,1,false,Taffy recalculation
Resize,All,61,1,131.061458,10000,0,9999,1,false,Taffy recalculation
Resize,All,61,2,131.061458,10000,0,9999,0,false,
Resize,All,62,0,129.123750,10000,0,9999,1,false,Taffy recalculation
Resize,All,62,1,129.123750,10000,0,9999,1,false,Taffy recalculation
Resize,All,62,2,129.123750,10000,0,9999,0,false,
Resize,All,63,0,132.688875,10000,0,9999,1,false,Taffy recalculation
Resize,All,63,1,132.688875,10000,0,9999,1,false,Taffy recalculation
Resize,All,63,2,132.688875,10000,0,9999,0,false,
Resize,All,64,0,130.019000,10000,0,9999,1,false,Taffy recalculation
Resize,All,64,1,130.019000,10000,0,9999,1,false,Taffy recalculation
Resize,All,64,2,130.019000,10000,0,9999,0,false,
Resize,All,65,0,133.472291,10000,0,9999,1,false,Taffy recalculation
Resize,All,65,1,133.472291,10000,0,9999,1,false,Taffy recalculation
Resize,All,65,2,133.472291,10000,0,9999,0,false,
Resize,All,66,0,128.696708,10000,0,9999,1,false,Taffy recalculation
Resize,All,66,1,128.696708,10000,0,9999,1,false,Taffy recalculation
Resize,All,66,2,128.696708,10000,0,9999,0,false,
Resize,All,67,0,130.770250,10000,0,9999,1,false,Taffy recalculation
Resize,All,67,1,130.770250,10000,0,9999,1,false,Taffy recalculation
Resize,All,67,2,130.770250,10000,0,9999,0,false,
Resize,All,68,0,131.985583,10000,0,9999,1,false,Taffy recalculation
Resize,All,68,1,131.985583,10000,0,9999,1,false,Taffy recalculation
Resize,All,68,2,131.985583,10000,0,9999,0,false,
Resize,All,69,0,129.846041,10000,0,9999,1,false,Taffy recalculation
Resize,All,69,1,129.846041,10000,0,9999,1,false,Taffy recalculation
Resize,All,69,2,129.846041,10000,0,9999,0,false,
Resize,All,70,0,129.502166,10000,0,9999,1,false,Taffy recalculation
Resize,All,70,1,129.502166,10000,0,9999,1,false,Taffy recalculation
Resize,All,70,2,129.502166,10000,0,9999,0,false,
Resize,All,71,0,137.444667,10000,0,9999,1,false,Taffy recalculation
Resize,All,71,1,137.444667,10000,0,9999,1,false,Taffy recalculation
Resize,All,71,2,137.444667,10000,0,9999,0,false,
Resize,All,72,0,130.982542,10000,0,9999,1,false,Taffy recalculation
Resize,All,72,1,130.982542,10000,0,9999,1,false,Taffy recalculation
Resize,All,72,2,130.982542,10000,0,9999,0,false,
Resize,All,73,0,133.085000,10000,0,9999,1,false,Taffy recalculation
Resize,All,73,1,133.085000,10000,0,9999,1,false,Taffy recalculation
Resize,All,73,2,133.085000,10000,0,9999,0,false,
Resize,All,74,0,129.150666,10000,0,9999,1,false,Taffy recalculation
Resize,All,74,1,129.150666,10000,0,9999,1,false,Taffy recalculation
Resize,All,74,2,129.150666,10000,0,9999,0,false,
Resize,All,75,0,129.143000,10000,0,9999,1,false,Taffy recalculation
Resize,All,75,1,129.143000,10000,0,9999,1,false,Taffy recalculation
Resize,All,75,2,129.143000,10000,0,9999,0,false,
Resize,All,76,0,129.871875,10000,0,9999,1,false,Taffy recalculation
Resize,All,76,1,129.871875,10000,0,9999,1,false,Taffy recalculation
Resize,All,76,2,129.871875,10000,0,9999,0,false,
Resize,All,77,0,128.852916,10000,0,9999,1,false,Taffy recalculation
Resize,All,77,1,128.852916,10000,0,9999,1,false,Taffy recalculation
Resize,All,77,2,128.852916,10000,0,9999,0,false,
Resize,All,78,0,134.207209,10000,0,9999,1,false,Taffy recalculation
Resize,All,78,1,134.207209,10000,0,9999,1,false,Taffy recalculation
Resize,All,78,2,134.207209,10000,0,9999,0,false,
Resize,All,79,0,136.974667,10000,0,9999,1,false,Taffy recalculation
Resize,All,79,1,136.974667,10000,0,9999,1,false,Taffy recalculation
Resize,All,79,2,136.974667,10000,0,9999,0,false,
Resize,All,80,0,134.820833,10000,0,9999,1,false,Taffy recalculation
Resize,All,80,1,134.820833,10000,0,9999,1,false,Taffy recalculation
Resize,All,80,2,134.820833,10000,0,9999,0,false,
Resize,All,81,0,130.671958,10000,0,9999,1,false,Taffy recalculation
Resize,All,81,1,130.671958,10000,0,9999,1,false,Taffy recalculation
Resize,All,81,2,130.671958,10000,0,9999,0,false,
Resize,All,82,0,129.237833,10000,0,9999,1,false,Taffy recalculation
Resize,All,82,1,129.237833,10000,0,9999,1,false,Taffy recalculation
Resize,All,82,2,129.237833,10000,0,9999,0,false,
Resize,All,83,0,135.687333,10000,0,9999,1,false,Taffy recalculation
Resize,All,83,1,135.687333,10000,0,9999,1,false,Taffy recalculation
Resize,All,83,2,135.687333,10000,0,9999,0,false,
Resize,All,84,0,130.062291,10000,0,9999,1,false,Taffy recalculation
Resize,All,84,1,130.062291,10000,0,9999,1,false,Taffy recalculation
Resize,All,84,2,130.062291,10000,0,9999,0,false,
Resize,All,85,0,130.334584,10000,0,9999,1,false,Taffy recalculation
Resize,All,85,1,130.334584,10000,0,9999,1,false,Taffy recalculation
Resize,All,85,2,130.334584,10000,0,9999,0,false,
Resize,All,86,0,135.270792,10000,0,9999,1,false,Taffy recalculation
Resize,All,86,1,135.270792,10000,0,9999,1,false,Taffy recalculation
Resize,All,86,2,135.270792,10000,0,9999,0,false,
Resize,All,87,0,131.518291,10000,0,9999,1,false,Taffy recalculation
Resize,All,87,1,131.518291,10000,0,9999,1,false,Taffy recalculation
Resize,All,87,2,131.518291,10000,0,9999,0,false,
Resize,All,88,0,133.387416,10000,0,9999,1,false,Taffy recalculation
Resize,All,88,1,133.387416,10000,0,9999,1,false,Taffy recalculation
Resize,All,88,2,133.387416,10000,0,9999,0,false,
Resize,All,89,0,130.067541,10000,0,9999,1,false,Taffy recalculation
Resize,All,89,1,130.067541,10000,0,9999,1,false,Taffy recalculation
Resize,All,89,2,130.067541,10000,0,9999,0,false,
Resize,All,90,0,128.943834,10000,0,9999,1,false,Taffy recalculation
Resize,All,90,1,128.943834,10000,0,9999,1,false,Taffy recalculation
Resize,All,90,2,128.943834,10000,0,9999,0,false,
Resize,All,91,0,129.603709,10000,0,9999,1,false,Taffy recalculation
Resize,All,91,1,129.603709,10000,0,9999,1,false,Taffy recalculation
Resize,All,91,2,129.603709,10000,0,9999,0,false,
Resize,All,92,0,130.823542,10000,0,9999,1,false,Taffy recalculation
Resize,All,92,1,130.823542,10000,0,9999,1,false,Taffy recalculation
Resize,All,92,2,130.823542,10000,0,9999,0,false,
Resize,All,93,0,132.269125,10000,0,9999,1,false,Taffy recalculation
Resize,All,93,1,132.269125,10000,0,9999,1,false,Taffy recalculation
Resize,All,93,2,132.269125,10000,0,9999,0,false,
Resize,All,94,0,137.208458,10000,0,9999,1,false,Taffy recalculation
Resize,All,94,1,137.208458,10000,0,9999,1,false,Taffy recalculation
Resize,All,94,2,137.208458,10000,0,9999,0,false,
Resize,All,95,0,133.750792,10000,0,9999,1,false,Taffy recalculation
Resize,All,95,1,133.750792,10000,0,9999,1,false,Taffy recalculation
Resize,All,95,2,133.750792,10000,0,9999,0,false,
Resize,All,96,0,128.521417,10000,0,9999,1,false,Taffy recalculation
Resize,All,96,1,128.521417,10000,0,9999,1,false,Taffy recalculation
Resize,All,96,2,128.521417,10000,0,9999,0,false,
Resize,All,97,0,129.287000,10000,0,9999,1,false,Taffy recalculation
Resize,All,97,1,129.287000,10000,0,9999,1,false,Taffy recalculation
Resize,All,97,2,129.287000,10000,0,9999,0,false,
Resize,All,98,0,130.596125,10000,0,9999,1,false,Taffy recalculation
Resize,All,98,1,130.596125,10000,0,9999,1,false,Taffy recalculation
Resize,All,98,2,130.596125,10000,0,9999,0,false,
Resize,All,99,0,130.700292,10000,0,9999,1,false,Taffy recalculation
Resize,All,99,1,130.700292,10000,0,9999,1,false,Taffy recalculation
Resize,All,99,2,130.700292,10000,0,9999,0,false,
Resize,All,100,0,129.932625,10000,0,9999,1,false,Taffy recalculation
Resize,All,100,1,129.932625,10000,0,9999,1,false,Taffy recalculation
Resize,All,100,2,129.932625,10000,0,9999,0,false,
Resize,All,101,0,137.367208,10000,0,9999,1,false,Taffy recalculation
Resize,All,101,1,137.367208,10000,0,9999,1,false,Taffy recalculation
Resize,All,101,2,137.367208,10000,0,9999,0,false,
Resize,All,102,0,129.616750,10000,0,9999,1,false,Taffy recalculation
Resize,All,102,1,129.616750,10000,0,9999,1,false,Taffy recalculation
Resize,All,102,2,129.616750,10000,0,9999,0,false,
Resize,All,103,0,135.178875,10000,0,9999,1,false,Taffy recalculation
Resize,All,103,1,135.178875,10000,0,9999,1,false,Taffy recalculation
Resize,All,103,2,135.178875,10000,0,9999,0,false,
Resize,All,104,0,129.559458,10000,0,9999,1,false,Taffy recalculation
Resize,All,104,1,129.559458,10000,0,9999,1,false,Taffy recalculation
Resize,All,104,2,129.559458,10000,0,9999,0,false,
Resize,All,105,0,131.654584,10000,0,9999,1,false,Taffy recalculation
Resize,All,105,1,131.654584,10000,0,9999,1,false,Taffy recalculation
Resize,All,105,2,131.654584,10000,0,9999,0,false,
Resize,All,106,0,131.347125,10000,0,9999,1,false,Taffy recalculation
Resize,All,106,1,131.347125,10000,0,9999,1,false,Taffy recalculation
Resize,All,106,2,131.347125,10000,0,9999,0,false,
Resize,All,107,0,130.377917,10000,0,9999,1,false,Taffy recalculation
Resize,All,107,1,130.377917,10000,0,9999,1,false,Taffy recalculation
Resize,All,107,2,130.377917,10000,0,9999,0,false,
Resize,All,108,0,130.234333,10000,0,9999,1,false,Taffy recalculation
Resize,All,108,1,130.234333,10000,0,9999,1,false,Taffy recalculation
Resize,All,108,2,130.234333,10000,0,9999,0,false,
Resize,All,109,0,133.002917,10000,0,9999,1,false,Taffy recalculation
Resize,All,109,1,133.002917,10000,0,9999,1,false,Taffy recalculation
Resize,All,109,2,133.002917,10000,0,9999,0,false,
Resize,All,110,0,135.801958,10000,0,9999,1,false,Taffy recalculation
Resize,All,110,1,135.801958,10000,0,9999,1,false,Taffy recalculation
Resize,All,110,2,135.801958,10000,0,9999,0,false,
Resize,All,111,0,130.496958,10000,0,9999,1,false,Taffy recalculation
Resize,All,111,1,130.496958,10000,0,9999,1,false,Taffy recalculation
Resize,All,111,2,130.496958,10000,0,9999,0,false,
Resize,All,112,0,129.836542,10000,0,9999,1,false,Taffy recalculation
Resize,All,112,1,129.836542,10000,0,9999,1,false,Taffy recalculation
Resize,All,112,2,129.836542,10000,0,9999,0,false,
Resize,All,113,0,134.350958,10000,0,9999,1,false,Taffy recalculation
Resize,All,113,1,134.350958,10000,0,9999,1,false,Taffy recalculation
Resize,All,113,2,134.350958,10000,0,9999,0,false,
Resize,All,114,0,134.472584,10000,0,9999,1,false,Taffy recalculation
Resize,All,114,1,134.472584,10000,0,9999,1,false,Taffy recalculation
Resize,All,114,2,134.472584,10000,0,9999,0,false,
Resize,All,115,0,130.220834,10000,0,9999,1,false,Taffy recalculation
Resize,All,115,1,130.220834,10000,0,9999,1,false,Taffy recalculation
Resize,All,115,2,130.220834,10000,0,9999,0,false,
Resize,All,116,0,132.106250,10000,0,9999,1,false,Taffy recalculation
Resize,All,116,1,132.106250,10000,0,9999,1,false,Taffy recalculation
Resize,All,116,2,132.106250,10000,0,9999,0,false,
Resize,All,117,0,133.533833,10000,0,9999,1,false,Taffy recalculation
Resize,All,117,1,133.533833,10000,0,9999,1,false,Taffy recalculation
Resize,All,117,2,133.533833,10000,0,9999,0,false,
Resize,All,118,0,134.325209,10000,0,9999,1,false,Taffy recalculation
Resize,All,118,1,134.325209,10000,0,9999,1,false,Taffy recalculation
Resize,All,118,2,134.325209,10000,0,9999,0,false,
Resize,All,119,0,129.677958,10000,0,9999,1,false,Taffy recalculation
Resize,All,119,1,129.677958,10000,0,9999,1,false,Taffy recalculation
Resize,All,119,2,129.677958,10000,0,9999,0,false,
Resize,Virtual,0,0,0.266125,37,0,36,0,false,
Resize,Virtual,1,0,0.592625,37,0,36,1,false,Taffy recalculation
Resize,Virtual,1,1,0.592625,38,0,37,38,false,Taffy recalculation;Taffy recalculation;Taffy recalculation;Taffy recalculation;Taffy recalculation;Taffy recalculation;Taffy recalculation;Taffy recalculation;Taffy recalculation;Taffy recalculation;Taffy recalculation;Taffy recalculation;Taffy recalculation;Taffy recalculation;Taffy recalculation;Taffy recalculation;Taffy recalculation;Taffy recalculation;Taffy recalculation;Taffy recalculation;Taffy recalculation;Taffy recalculation;Taffy recalculation;Taffy recalculation;Taffy recalculation;Taffy recalculation;Taffy recalculation;Taffy recalculation;Taffy recalculation;Taffy recalculation;Taffy recalculation;Taffy recalculation;Taffy recalculation;Taffy recalculation;Taffy recalculation;Taffy recalculation;Taffy recalculation;Taffy recalculation
Resize,Virtual,1,2,0.592625,38,0,37,0,false,
Resize,Virtual,2,0,0.903583,38,0,37,1,false,Taffy recalculation
Resize,Virtual,2,1,0.903583,38,0,37,38,false,Taffy recalculation;Taffy recalculation;Taffy recalculation;Taffy recalculation;Taffy recalculation;Taffy recalculation;Taffy recalculation;Taffy recalculation;Taffy recalculation;Taffy recalculation;Taffy recalculation;Taffy recalculation;Taffy recalculation;Taffy recalculation;Taffy recalculation;Taffy recalculation;Taffy recalculation;Taffy recalculation;Taffy recalculation;Taffy recalculation;Taffy recalculation;Taffy recalculation;Taffy recalculation;Taffy recalculation;Taffy recalculation;Taffy recalculation;Taffy recalculation;Taffy recalculation;Taffy recalculation;Taffy recalculation;Taffy recalculation;Taffy recalculation;Taffy recalculation;Taffy recalculation;Taffy recalculation;Taffy recalculation;Taffy recalculation;Taffy recalculation
Resize,Virtual,2,2,0.903583,38,0,37,0,false,
Resize,Virtual,3,0,0.674333,38,0,37,1,false,Taffy recalculation
Resize,Virtual,3,1,0.674333,38,0,37,38,false,Taffy recalculation;Taffy recalculation;Taffy recalculation;Taffy recalculation;Taffy recalculation;Taffy recalculation;Taffy recalculation;Taffy recalculation;Taffy recalculation;Taffy recalculation;Taffy recalculation;Taffy recalculation;Taffy recalculation;Taffy recalculation;Taffy recalculation;Taffy recalculation;Taffy recalculation;Taffy recalculation;Taffy recalculation;Taffy recalculation;Taffy recalculation;Taffy recalculation;Taffy recalculation;Taffy recalculation;Taffy recalculation;Taffy recalculation;Taffy recalculation;Taffy recalculation;Taffy recalculation;Taffy recalculation;Taffy recalculation;Taffy recalculation;Taffy recalculation;Taffy recalculation;Taffy recalculation;Taffy recalculation;Taffy recalculation;Taffy recalculation
Resize,Virtual,3,2,0.674333,38,0,37,0,false,
Resize,Virtual,4,0,0.593917,38,0,37,1,false,Taffy recalculation
Resize,Virtual,4,1,0.593917,38,0,37,38,false,Taffy recalculation;Taffy recalculation;Taffy recalculation;Taffy recalculation;Taffy recalculation;Taffy recalculation;Taffy recalculation;Taffy recalculation;Taffy recalculation;Taffy recalculation;Taffy recalculation;Taffy recalculation;Taffy recalculation;Taffy recalculation;Taffy recalculation;Taffy recalculation;Taffy recalculation;Taffy recalculation;Taffy recalculation;Taffy recalculation;Taffy recalculation;Taffy recalculation;Taffy recalculation;Taffy recalculation;Taffy recalculation;Taffy recalculation;Taffy recalculation;Taffy recalculation;Taffy recalculation;Taffy recalculation;Taffy recalculation;Taffy recalculation;Taffy recalculation;Taffy recalculation;Taffy recalculation;Taffy recalculation;Taffy recalculation;Taffy recalculation
Resize,Virtual,4,2,0.593917,38,0,37,0,false,
Resize,Virtual,5,0,0.619333,38,0,37,1,false,Taffy recalculation
Resize,Virtual,5,1,0.619333,38,0,37,38,false,Taffy recalculation;Taffy recalculation;Taffy recalculation;Taffy recalculation;Taffy recalculation;Taffy recalculation;Taffy recalculation;Taffy recalculation;Taffy recalculation;Taffy recalculation;Taffy recalculation;Taffy recalculation;Taffy recalculation;Taffy recalculation;Taffy recalculation;Taffy recalculation;Taffy recalculation;Taffy recalculation;Taffy recalculation;Taffy recalculation;Taffy recalculation;Taffy recalculation;Taffy recalculation;Taffy recalculation;Taffy recalculation;Taffy recalculation;Taffy recalculation;Taffy recalculation;Taffy recalculation;Taffy recalculation;Taffy recalculation;Taffy recalculation;Taffy recalculation;Taffy recalculation;Taffy recalculation;Taffy recalculation;Taffy recalculation;Taffy recalculation
Resize,Virtual,5,2,0.619333,38,0,37,0,false,
Resize,Virtual,6,0,0.655334,38,0,37,1,false,Taffy recalculation
Resize,Virtual,6,1,0.655334,38,0,37,38,false,Taffy recalculation;Taffy recalculation;Taffy recalculation;Taffy recalculation;Taffy recalculation;Taffy recalculation;Taffy recalculation;Taffy recalculation;Taffy recalculation;Taffy recalculation;Taffy recalculation;Taffy recalculation;Taffy recalculation;Taffy recalculation;Taffy recalculation;Taffy recalculation;Taffy recalculation;Taffy recalculation;Taffy recalculation;Taffy recalculation;Taffy recalculation;Taffy recalculation;Taffy recalculation;Taffy recalculation;Taffy recalculation;Taffy recalculation;Taffy recalculation;Taffy recalculation;Taffy recalculation;Taffy recalculation;Taffy recalculation;Taffy recalculation;Taffy recalculation;Taffy recalculation;Taffy recalculation;Taffy recalculation;Taffy recalculation;Taffy recalculation
Resize,Virtual,6,2,0.655334,38,0,37,0,false,
Resize,Virtual,7,0,0.571959,38,0,37,1,false,Taffy recalculation
Resize,Virtual,7,1,0.571959,38,0,37,38,false,Taffy recalculation;Taffy recalculation;Taffy recalculation;Taffy recalculation;Taffy recalculation;Taffy recalculation;Taffy recalculation;Taffy recalculation;Taffy recalculation;Taffy recalculation;Taffy recalculation;Taffy recalculation;Taffy recalculation;Taffy recalculation;Taffy recalculation;Taffy recalculation;Taffy recalculation;Taffy recalculation;Taffy recalculation;Taffy recalculation;Taffy recalculation;Taffy recalculation;Taffy recalculation;Taffy recalculation;Taffy recalculation;Taffy recalculation;Taffy recalculation;Taffy recalculation;Taffy recalculation;Taffy recalculation;Taffy recalculation;Taffy recalculation;Taffy recalculation;Taffy recalculation;Taffy recalculation;Taffy recalculation;Taffy recalculation;Taffy recalculation
Resize,Virtual,7,2,0.571959,38,0,37,0,false,
Resize,Virtual,8,0,0.668125,38,0,37,1,false,Taffy recalculation
Resize,Virtual,8,1,0.668125,38,0,37,38,false,Taffy recalculation;Taffy recalculation;Taffy recalculation;Taffy recalculation;Taffy recalculation;Taffy recalculation;Taffy recalculation;Taffy recalculation;Taffy recalculation;Taffy recalculation;Taffy recalculation;Taffy recalculation;Taffy recalculation;Taffy recalculation;Taffy recalculation;Taffy recalculation;Taffy recalculation;Taffy recalculation;Taffy recalculation;Taffy recalculation;Taffy recalculation;Taffy recalculation;Taffy recalculation;Taffy recalculation;Taffy recalculation;Taffy recalculation;Taffy recalculation;Taffy recalculation;Taffy recalculation;Taffy recalculation;Taffy recalculation;Taffy recalculation;Taffy recalculation;Taffy recalculation;Taffy recalculation;Taffy recalculation;Taffy recalculation;Taffy recalculation
Resize,Virtual,8,2,0.668125,38,0,37,0,false,
Resize,Virtual,9,0,0.713208,38,0,37,1,false,Taffy recalculation
Resize,Virtual,9,1,0.713208,38,0,37,38,false,Taffy recalculation;Taffy recalculation;Taffy recalculation;Taffy recalculation;Taffy recalculation;Taffy recalculation;Taffy recalculation;Taffy recalculation;Taffy recalculation;Taffy recalculation;Taffy recalculation;Taffy recalculation;Taffy recalculation;Taffy recalculation;Taffy recalculation;Taffy recalculation;Taffy recalculation;Taffy recalculation;Taffy recalculation;Taffy recalculation;Taffy recalculation;Taffy recalculation;Taffy recalculation;Taffy recalculation;Taffy recalculation;Taffy recalculation;Taffy recalculation;Taffy recalculation;Taffy recalculation;Taffy recalculation;Taffy recalculation;Taffy recalculation;Taffy recalculation;Taffy recalculation;Taffy recalculation;Taffy recalculation;Taffy recalculation;Taffy recalculation
Resize,Virtual,9,2,0.713208,38,0,37,0,false,
Resize,Virtual,10,0,0.573916,38,0,37,1,false,Taffy recalculation
Resize,Virtual,10,1,0.573916,38,0,37,38,false,Taffy recalculation;Taffy recalculation;Taffy recalculation;Taffy recalculation;Taffy recalculation;Taffy recalculation;Taffy recalculation;Taffy recalculation;Taffy recalculation;Taffy recalculation;Taffy recalculation;Taffy recalculation;Taffy recalculation;Taffy recalculation;Taffy recalculation;Taffy recalculation;Taffy recalculation;Taffy recalculation;Taffy recalculation;Taffy recalculation;Taffy recalculation;Taffy recalculation;Taffy recalculation;Taffy recalculation;Taffy recalculation;Taffy recalculation;Taffy recalculation;Taffy recalculation;Taffy recalculation;Taffy recalculation;Taffy recalculation;Taffy recalculation;Taffy recalculation;Taffy recalculation;Taffy recalculation;Taffy recalculation;Taffy recalculation;Taffy recalculation
Resize,Virtual,10,2,0.573916,38,0,37,0,false,
Resize,Virtual,11,0,0.678542,38,0,37,1,false,Taffy recalculation
Resize,Virtual,11,1,0.678542,39,0,38,39,false,Taffy recalculation;Taffy recalculation;Taffy recalculation;Taffy recalculation;Taffy recalculation;Taffy recalculation;Taffy recalculation;Taffy recalculation;Taffy recalculation;Taffy recalculation;Taffy recalculation;Taffy recalculation;Taffy recalculation;Taffy recalculation;Taffy recalculation;Taffy recalculation;Taffy recalculation;Taffy recalculation;Taffy recalculation;Taffy recalculation;Taffy recalculation;Taffy recalculation;Taffy recalculation;Taffy recalculation;Taffy recalculation;Taffy recalculation;Taffy recalculation;Taffy recalculation;Taffy recalculation;Taffy recalculation;Taffy recalculation;Taffy recalculation;Taffy recalculation;Taffy recalculation;Taffy recalculation;Taffy recalculation;Taffy recalculation;Taffy recalculation;Taffy recalculation
Resize,Virtual,11,2,0.678542,39,0,38,0,false,
Resize,Virtual,12,0,0.706958,39,0,38,1,false,Taffy recalculation
Resize,Virtual,12,1,0.706958,39,0,38,39,false,Taffy recalculation;Taffy recalculation;Taffy recalculation;Taffy recalculation;Taffy recalculation;Taffy recalculation;Taffy recalculation;Taffy recalculation;Taffy recalculation;Taffy recalculation;Taffy recalculation;Taffy recalculation;Taffy recalculation;Taffy recalculation;Taffy recalculation;Taffy recalculation;Taffy recalculation;Taffy recalculation;Taffy recalculation;Taffy recalculation;Taffy recalculation;Taffy recalculation;Taffy recalculation;Taffy recalculation;Taffy recalculation;Taffy recalculation;Taffy recalculation;Taffy recalculation;Taffy recalculation;Taffy recalculation;Taffy recalculation;Taffy recalculation;Taffy recalculation;Taffy recalculation;Taffy recalculation;Taffy recalculation;Taffy recalculation;Taffy recalculation;Taffy recalculation
Resize,Virtual,12,2,0.706958,39,0,38,0,false,
Resize,Virtual,13,0,0.599125,39,0,38,1,false,Taffy recalculation
Resize,Virtual,13,1,0.599125,39,0,38,39,false,Taffy recalculation;Taffy recalculation;Taffy recalculation;Taffy recalculation;Taffy recalculation;Taffy recalculation;Taffy recalculation;Taffy recalculation;Taffy recalculation;Taffy recalculation;Taffy recalculation;Taffy recalculation;Taffy recalculation;Taffy recalculation;Taffy recalculation;Taffy recalculation;Taffy recalculation;Taffy recalculation;Taffy recalculation;Taffy recalculation;Taffy recalculation;Taffy recalculation;Taffy recalculation;Taffy recalculation;Taffy recalculation;Taffy recalculation;Taffy recalculation;Taffy recalculation;Taffy recalculation;Taffy recalculation;Taffy recalculation;Taffy recalculation;Taffy recalculation;Taffy recalculation;Taffy recalculation;Taffy recalculation;Taffy recalculation;Taffy recalculation;Taffy recalculation
Resize,Virtual,13,2,0.599125,39,0,38,0,false,
Resize,Virtual,14,0,0.652792,39,0,38,1,false,Taffy recalculation
Resize,Virtual,14,1,0.652792,39,0,38,39,false,Taffy recalculation;Taffy recalculation;Taffy recalculation;Taffy recalculation;Taffy recalculation;Taffy recalculation;Taffy recalculation;Taffy recalculation;Taffy recalculation;Taffy recalculation;Taffy recalculation;Taffy recalculation;Taffy recalculation;Taffy recalculation;Taffy recalculation;Taffy recalculation;Taffy recalculation;Taffy recalculation;Taffy recalculation;Taffy recalculation;Taffy recalculation;Taffy recalculation;Taffy recalculation;Taffy recalculation;Taffy recalculation;Taffy recalculation;Taffy recalculation;Taffy recalculation;Taffy recalculation;Taffy recalculation;Taffy recalculation;Taffy recalculation;Taffy recalculation;Taffy recalculation;Taffy recalculation;Taffy recalculation;Taffy recalculation;Taffy recalculation;Taffy recalculation
Resize,Virtual,14,2,0.652792,39,0,38,0,false,
Resize,Virtual,15,0,0.692459,39,0,38,1,false,Taffy recalculation
Resize,Virtual,15,1,0.692459,39,0,38,39,false,Taffy recalculation;Taffy recalculation;Taffy recalculation;Taffy recalculation;Taffy recalculation;Taffy recalculation;Taffy recalculation;Taffy recalculation;Taffy recalculation;Taffy recalculation;Taffy recalculation;Taffy recalculation;Taffy recalculation;Taffy recalculation;Taffy recalculation;Taffy recalculation;Taffy recalculation;Taffy recalculation;Taffy recalculation;Taffy recalculation;Taffy recalculation;Taffy recalculation;Taffy recalculation;Taffy recalculation;Taffy recalculation;Taffy recalculation;Taffy recalculation;Taffy recalculation;Taffy recalculation;Taffy recalculation;Taffy recalculation;Taffy recalculation;Taffy recalculation;Taffy recalculation;Taffy recalculation;Taffy recalculation;Taffy recalculation;Taffy recalculation;Taffy recalculation
Resize,Virtual,15,2,0.692459,39,0,38,0,false,
Resize,Virtual,16,0,0.596333,39,0,38,1,false,Taffy recalculation
Resize,Virtual,16,1,0.596333,39,0,38,39,false,Taffy recalculation;Taffy recalculation;Taffy recalculation;Taffy recalculation;Taffy recalculation;Taffy recalculation;Taffy recalculation;Taffy recalculation;Taffy recalculation;Taffy recalculation;Taffy recalculation;Taffy recalculation;Taffy recalculation;Taffy recalculation;Taffy recalculation;Taffy recalculation;Taffy recalculation;Taffy recalculation;Taffy recalculation;Taffy recalculation;Taffy recalculation;Taffy recalculation;Taffy recalculation;Taffy recalculation;Taffy recalculation;Taffy recalculation;Taffy recalculation;Taffy recalculation;Taffy recalculation;Taffy recalculation;Taffy recalculation;Taffy recalculation;Taffy recalculation;Taffy recalculation;Taffy recalculation;Taffy recalculation;Taffy recalculation;Taffy recalculation;Taffy recalculation
Resize,Virtual,16,2,0.596333,39,0,38,0,false,
Resize,Virtual,17,0,0.685667,39,0,38,1,false,Taffy recalculation
Resize,Virtual,17,1,0.685667,39,0,38,39,false,Taffy recalculation;Taffy recalculation;Taffy recalculation;Taffy recalculation;Taffy recalculation;Taffy recalculation;Taffy recalculation;Taffy recalculation;Taffy recalculation;Taffy recalculation;Taffy recalculation;Taffy recalculation;Taffy recalculation;Taffy recalculation;Taffy recalculation;Taffy recalculation;Taffy recalculation;Taffy recalculation;Taffy recalculation;Taffy recalculation;Taffy recalculation;Taffy recalculation;Taffy recalculation;Taffy recalculation;Taffy recalculation;Taffy recalculation;Taffy recalculation;Taffy recalculation;Taffy recalculation;Taffy recalculation;Taffy recalculation;Taffy recalculation;Taffy recalculation;Taffy recalculation;Taffy recalculation;Taffy recalculation;Taffy recalculation;Taffy recalculation;Taffy recalculation
Resize,Virtual,17,2,0.685667,39,0,38,0,false,
Resize,Virtual,18,0,0.704375,39,0,38,1,false,Taffy recalculation
Resize,Virtual,18,1,0.704375,39,0,38,39,false,Taffy recalculation;Taffy recalculation;Taffy recalculation;Taffy recalculation;Taffy recalculation;Taffy recalculation;Taffy recalculation;Taffy recalculation;Taffy recalculation;Taffy recalculation;Taffy recalculation;Taffy recalculation;Taffy recalculation;Taffy recalculation;Taffy recalculation;Taffy recalculation;Taffy recalculation;Taffy recalculation;Taffy recalculation;Taffy recalculation;Taffy recalculation;Taffy recalculation;Taffy recalculation;Taffy recalculation;Taffy recalculation;Taffy recalculation;Taffy recalculation;Taffy recalculation;Taffy recalculation;Taffy recalculation;Taffy recalculation;Taffy recalculation;Taffy recalculation;Taffy recalculation;Taffy recalculation;Taffy recalculation;Taffy recalculation;Taffy recalculation;Taffy recalculation
Resize,Virtual,18,2,0.704375,39,0,38,0,false,
Resize,Virtual,19,0,0.588250,39,0,38,1,false,Taffy recalculation
Resize,Virtual,19,1,0.588250,39,0,38,39,false,Taffy recalculation;Taffy recalculation;Taffy recalculation;Taffy recalculation;Taffy recalculation;Taffy recalculation;Taffy recalculation;Taffy recalculation;Taffy recalculation;Taffy recalculation;Taffy recalculation;Taffy recalculation;Taffy recalculation;Taffy recalculation;Taffy recalculation;Taffy recalculation;Taffy recalculation;Taffy recalculation;Taffy recalculation;Taffy recalculation;Taffy recalculation;Taffy recalculation;Taffy recalculation;Taffy recalculation;Taffy recalculation;Taffy recalculation;Taffy recalculation;Taffy recalculation;Taffy recalculation;Taffy recalculation;Taffy recalculation;Taffy recalculation;Taffy recalculation;Taffy recalculation;Taffy recalculation;Taffy recalculation;Taffy recalculation;Taffy recalculation;Taffy recalculation
Resize,Virtual,19,2,0.588250,39,0,38,0,false,
Resize,Virtual,20,0,0.690000,39,0,38,1,false,Taffy recalculation
Resize,Virtual,20,1,0.690000,39,0,38,39,false,Taffy recalculation;Taffy recalculation;Taffy recalculation;Taffy recalculation;Taffy recalculation;Taffy recalculation;Taffy recalculation;Taffy recalculation;Taffy recalculation;Taffy recalculation;Taffy recalculation;Taffy recalculation;Taffy recalculation;Taffy recalculation;Taffy recalculation;Taffy recalculation;Taffy recalculation;Taffy recalculation;Taffy recalculation;Taffy recalculation;Taffy recalculation;Taffy recalculation;Taffy recalculation;Taffy recalculation;Taffy recalculation;Taffy recalculation;Taffy recalculation;Taffy recalculation;Taffy recalculation;Taffy recalculation;Taffy recalculation;Taffy recalculation;Taffy recalculation;Taffy recalculation;Taffy recalculation;Taffy recalculation;Taffy recalculation;Taffy recalculation;Taffy recalculation
Resize,Virtual,20,2,0.690000,39,0,38,0,false,
Resize,Virtual,21,0,0.696959,39,0,38,1,false,Taffy recalculation
Resize,Virtual,21,1,0.696959,40,0,39,40,false,Taffy recalculation;Taffy recalculation;Taffy recalculation;Taffy recalculation;Taffy recalculation;Taffy recalculation;Taffy recalculation;Taffy recalculation;Taffy recalculation;Taffy recalculation;Taffy recalculation;Taffy recalculation;Taffy recalculation;Taffy recalculation;Taffy recalculation;Taffy recalculation;Taffy recalculation;Taffy recalculation;Taffy recalculation;Taffy recalculation;Taffy recalculation;Taffy recalculation;Taffy recalculation;Taffy recalculation;Taffy recalculation;Taffy recalculation;Taffy recalculation;Taffy recalculation;Taffy recalculation;Taffy recalculation;Taffy recalculation;Taffy recalculation;Taffy recalculation;Taffy recalculation;Taffy recalculation;Taffy recalculation;Taffy recalculation;Taffy recalculation;Taffy recalculation;Taffy recalculation
Resize,Virtual,21,2,0.696959,40,0,39,0,false,
Resize,Virtual,22,0,0.610542,40,0,39,1,false,Taffy recalculation
Resize,Virtual,22,1,0.610542,40,0,39,40,false,Taffy recalculation;Taffy recalculation;Taffy recalculation;Taffy recalculation;Taffy recalculation;Taffy recalculation;Taffy recalculation;Taffy recalculation;Taffy recalculation;Taffy recalculation;Taffy recalculation;Taffy recalculation;Taffy recalculation;Taffy recalculation;Taffy recalculation;Taffy recalculation;Taffy recalculation;Taffy recalculation;Taffy recalculation;Taffy recalculation;Taffy recalculation;Taffy recalculation;Taffy recalculation;Taffy recalculation;Taffy recalculation;Taffy recalculation;Taffy recalculation;Taffy recalculation;Taffy recalculation;Taffy recalculation;Taffy recalculation;Taffy recalculation;Taffy recalculation;Taffy recalculation;Taffy recalculation;Taffy recalculation;Taffy recalculation;Taffy recalculation;Taffy recalculation;Taffy recalculation
Resize,Virtual,22,2,0.610542,40,0,39,0,false,
Resize,Virtual,23,0,0.702458,40,0,39,1,false,Taffy recalculation
Resize,Virtual,23,1,0.702458,40,0,39,40,false,Taffy recalculation;Taffy recalculation;Taffy recalculation;Taffy recalculation;Taffy recalculation;Taffy recalculation;Taffy recalculation;Taffy recalculation;Taffy recalculation;Taffy recalculation;Taffy recalculation;Taffy recalculation;Taffy recalculation;Taffy recalculation;Taffy recalculation;Taffy recalculation;Taffy recalculation;Taffy recalculation;Taffy recalculation;Taffy recalculation;Taffy recalculation;Taffy recalculation;Taffy recalculation;Taffy recalculation;Taffy recalculation;Taffy recalculation;Taffy recalculation;Taffy recalculation;Taffy recalculation;Taffy recalculation;Taffy recalculation;Taffy recalculation;Taffy recalculation;Taffy recalculation;Taffy recalculation;Taffy recalculation;Taffy recalculation;Taffy recalculation;Taffy recalculation;Taffy recalculation
Resize,Virtual,23,2,0.702458,40,0,39,0,false,
Resize,Virtual,24,0,0.726625,40,0,39,1,false,Taffy recalculation
Resize,Virtual,24,1,0.726625,40,0,39,40,false,Taffy recalculation;Taffy recalculation;Taffy recalculation;Taffy recalculation;Taffy recalculation;Taffy recalculation;Taffy recalculation;Taffy recalculation;Taffy recalculation;Taffy recalculation;Taffy recalculation;Taffy recalculation;Taffy recalculation;Taffy recalculation;Taffy recalculation;Taffy recalculation;Taffy recalculation;Taffy recalculation;Taffy recalculation;Taffy recalculation;Taffy recalculation;Taffy recalculation;Taffy recalculation;Taffy recalculation;Taffy recalculation;Taffy recalculation;Taffy recalculation;Taffy recalculation;Taffy recalculation;Taffy recalculation;Taffy recalculation;Taffy recalculation;Taffy recalculation;Taffy recalculation;Taffy recalculation;Taffy recalculation;Taffy recalculation;Taffy recalculation;Taffy recalculation;Taffy recalculation
Resize,Virtual,24,2,0.726625,40,0,39,0,false,
Resize,Virtual,25,0,0.604541,40,0,39,1,false,Taffy recalculation
Resize,Virtual,25,1,0.604541,40,0,39,40,false,Taffy recalculation;Taffy recalculation;Taffy recalculation;Taffy recalculation;Taffy recalculation;Taffy recalculation;Taffy recalculation;Taffy recalculation;Taffy recalculation;Taffy recalculation;Taffy recalculation;Taffy recalculation;Taffy recalculation;Taffy recalculation;Taffy recalculation;Taffy recalculation;Taffy recalculation;Taffy recalculation;Taffy recalculation;Taffy recalculation;Taffy recalculation;Taffy recalculation;Taffy recalculation;Taffy recalculation;Taffy recalculation;Taffy recalculation;Taffy recalculation;Taffy recalculation;Taffy recalculation;Taffy recalculation;Taffy recalculation;Taffy recalculation;Taffy recalculation;Taffy recalculation;Taffy recalculation;Taffy recalculation;Taffy recalculation;Taffy recalculation;Taffy recalculation;Taffy recalculation
Resize,Virtual,25,2,0.604541,40,0,39,0,false,
Resize,Virtual,26,0,0.711000,40,0,39,1,false,Taffy recalculation
Resize,Virtual,26,1,0.711000,40,0,39,40,false,Taffy recalculation;Taffy recalculation;Taffy recalculation;Taffy recalculation;Taffy recalculation;Taffy recalculation;Taffy recalculation;Taffy recalculation;Taffy recalculation;Taffy recalculation;Taffy recalculation;Taffy recalculation;Taffy recalculation;Taffy recalculation;Taffy recalculation;Taffy recalculation;Taffy recalculation;Taffy recalculation;Taffy recalculation;Taffy recalculation;Taffy recalculation;Taffy recalculation;Taffy recalculation;Taffy recalculation;Taffy recalculation;Taffy recalculation;Taffy recalculation;Taffy recalculation;Taffy recalculation;Taffy recalculation;Taffy recalculation;Taffy recalculation;Taffy recalculation;Taffy recalculation;Taffy recalculation;Taffy recalculation;Taffy recalculation;Taffy recalculation;Taffy recalculation;Taffy recalculation
Resize,Virtual,26,2,0.711000,40,0,39,0,false,
Resize,Virtual,27,0,0.896667,40,0,39,1,false,Taffy recalculation
Resize,Virtual,27,1,0.896667,40,0,39,40,false,Taffy recalculation;Taffy recalculation;Taffy recalculation;Taffy recalculation;Taffy recalculation;Taffy recalculation;Taffy recalculation;Taffy recalculation;Taffy recalculation;Taffy recalculation;Taffy recalculation;Taffy recalculation;Taffy recalculation;Taffy recalculation;Taffy recalculation;Taffy recalculation;Taffy recalculation;Taffy recalculation;Taffy recalculation;Taffy recalculation;Taffy recalculation;Taffy recalculation;Taffy recalculation;Taffy recalculation;Taffy recalculation;Taffy recalculation;Taffy recalculation;Taffy recalculation;Taffy recalculation;Taffy recalculation;Taffy recalculation;Taffy recalculation;Taffy recalculation;Taffy recalculation;Taffy recalculation;Taffy recalculation;Taffy recalculation;Taffy recalculation;Taffy recalculation;Taffy recalculation
Resize,Virtual,27,2,0.896667,40,0,39,0,false,
Resize,Virtual,28,0,0.556709,40,0,39,1,false,Taffy recalculation
Resize,Virtual,28,1,0.556709,40,0,39,40,false,Taffy recalculation;Taffy recalculation;Taffy recalculation;Taffy recalculation;Taffy recalculation;Taffy recalculation;Taffy recalculation;Taffy recalculation;Taffy recalculation;Taffy recalculation;Taffy recalculation;Taffy recalculation;Taffy recalculation;Taffy recalculation;Taffy recalculation;Taffy recalculation;Taffy recalculation;Taffy recalculation;Taffy recalculation;Taffy recalculation;Taffy recalculation;Taffy recalculation;Taffy recalculation;Taffy recalculation;Taffy recalculation;Taffy recalculation;Taffy recalculation;Taffy recalculation;Taffy recalculation;Taffy recalculation;Taffy recalculation;Taffy recalculation;Taffy recalculation;Taffy recalculation;Taffy recalculation;Taffy recalculation;Taffy recalculation;Taffy recalculation;Taffy recalculation;Taffy recalculation
Resize,Virtual,28,2,0.556709,40,0,39,0,false,
Resize,Virtual,29,0,0.722792,40,0,39,1,false,Taffy recalculation
Resize,Virtual,29,1,0.722792,40,0,39,40,false,Taffy recalculation;Taffy recalculation;Taffy recalculation;Taffy recalculation;Taffy recalculation;Taffy recalculation;Taffy recalculation;Taffy recalculation;Taffy recalculation;Taffy recalculation;Taffy recalculation;Taffy recalculation;Taffy recalculation;Taffy recalculation;Taffy recalculation;Taffy recalculation;Taffy recalculation;Taffy recalculation;Taffy recalculation;Taffy recalculation;Taffy recalculation;Taffy recalculation;Taffy recalculation;Taffy recalculation;Taffy recalculation;Taffy recalculation;Taffy recalculation;Taffy recalculation;Taffy recalculation;Taffy recalculation;Taffy recalculation;Taffy recalculation;Taffy recalculation;Taffy recalculation;Taffy recalculation;Taffy recalculation;Taffy recalculation;Taffy recalculation;Taffy recalculation;Taffy recalculation
Resize,Virtual,29,2,0.722792,40,0,39,0,false,
Resize,Virtual,30,0,0.644375,40,0,39,1,false,Taffy recalculation
Resize,Virtual,30,1,0.644375,37,0,36,37,false,Taffy recalculation;Taffy recalculation;Taffy recalculation;Taffy recalculation;Taffy recalculation;Taffy recalculation;Taffy recalculation;Taffy recalculation;Taffy recalculation;Taffy recalculation;Taffy recalculation;Taffy recalculation;Taffy recalculation;Taffy recalculation;Taffy recalculation;Taffy recalculation;Taffy recalculation;Taffy recalculation;Taffy recalculation;Taffy recalculation;Taffy recalculation;Taffy recalculation;Taffy recalculation;Taffy recalculation;Taffy recalculation;Taffy recalculation;Taffy recalculation;Taffy recalculation;Taffy recalculation;Taffy recalculation;Taffy recalculation;Taffy recalculation;Taffy recalculation;Taffy recalculation;Taffy recalculation;Taffy recalculation;Taffy recalculation
Resize,Virtual,30,2,0.644375,37,0,36,0,false,
Resize,Virtual,31,0,0.577667,37,0,36,1,false,Taffy recalculation
Resize,Virtual,31,1,0.577667,38,0,37,38,false,Taffy recalculation;Taffy recalculation;Taffy recalculation;Taffy recalculation;Taffy recalculation;Taffy recalculation;Taffy recalculation;Taffy recalculation;Taffy recalculation;Taffy recalculation;Taffy recalculation;Taffy recalculation;Taffy recalculation;Taffy recalculation;Taffy recalculation;Taffy recalculation;Taffy recalculation;Taffy recalculation;Taffy recalculation;Taffy recalculation;Taffy recalculation;Taffy recalculation;Taffy recalculation;Taffy recalculation;Taffy recalculation;Taffy recalculation;Taffy recalculation;Taffy recalculation;Taffy recalculation;Taffy recalculation;Taffy recalculation;Taffy recalculation;Taffy recalculation;Taffy recalculation;Taffy recalculation;Taffy recalculation;Taffy recalculation;Taffy recalculation
Resize,Virtual,31,2,0.577667,38,0,37,0,false,
Resize,Virtual,32,0,0.667167,38,0,37,1,false,Taffy recalculation
Resize,Virtual,32,1,0.667167,38,0,37,38,false,Taffy recalculation;Taffy recalculation;Taffy recalculation;Taffy recalculation;Taffy recalculation;Taffy recalculation;Taffy recalculation;Taffy recalculation;Taffy recalculation;Taffy recalculation;Taffy recalculation;Taffy recalculation;Taffy recalculation;Taffy recalculation;Taffy recalculation;Taffy recalculation;Taffy recalculation;Taffy recalculation;Taffy recalculation;Taffy recalculation;Taffy recalculation;Taffy recalculation;Taffy recalculation;Taffy recalculation;Taffy recalculation;Taffy recalculation;Taffy recalculation;Taffy recalculation;Taffy recalculation;Taffy recalculation;Taffy recalculation;Taffy recalculation;Taffy recalculation;Taffy recalculation;Taffy recalculation;Taffy recalculation;Taffy recalculation;Taffy recalculation
Resize,Virtual,32,2,0.667167,38,0,37,0,false,
Resize,Virtual,33,0,0.666750,38,0,37,1,false,Taffy recalculation
Resize,Virtual,33,1,0.666750,38,0,37,38,false,Taffy recalculation;Taffy recalculation;Taffy recalculation;Taffy recalculation;Taffy recalculation;Taffy recalculation;Taffy recalculation;Taffy recalculation;Taffy recalculation;Taffy recalculation;Taffy recalculation;Taffy recalculation;Taffy recalculation;Taffy recalculation;Taffy recalculation;Taffy recalculation;Taffy recalculation;Taffy recalculation;Taffy recalculation;Taffy recalculation;Taffy recalculation;Taffy recalculation;Taffy recalculation;Taffy recalculation;Taffy recalculation;Taffy recalculation;Taffy recalculation;Taffy recalculation;Taffy recalculation;Taffy recalculation;Taffy recalculation;Taffy recalculation;Taffy recalculation;Taffy recalculation;Taffy recalculation;Taffy recalculation;Taffy recalculation;Taffy recalculation
Resize,Virtual,33,2,0.666750,38,0,37,0,false,
Resize,Virtual,34,0,0.573083,38,0,37,1,false,Taffy recalculation
Resize,Virtual,34,1,0.573083,38,0,37,38,false,Taffy recalculation;Taffy recalculation;Taffy recalculation;Taffy recalculation;Taffy recalculation;Taffy recalculation;Taffy recalculation;Taffy recalculation;Taffy recalculation;Taffy recalculation;Taffy recalculation;Taffy recalculation;Taffy recalculation;Taffy recalculation;Taffy recalculation;Taffy recalculation;Taffy recalculation;Taffy recalculation;Taffy recalculation;Taffy recalculation;Taffy recalculation;Taffy recalculation;Taffy recalculation;Taffy recalculation;Taffy recalculation;Taffy recalculation;Taffy recalculation;Taffy recalculation;Taffy recalculation;Taffy recalculation;Taffy recalculation;Taffy recalculation;Taffy recalculation;Taffy recalculation;Taffy recalculation;Taffy recalculation;Taffy recalculation;Taffy recalculation
Resize,Virtual,34,2,0.573083,38,0,37,0,false,
Resize,Virtual,35,0,0.678208,38,0,37,1,false,Taffy recalculation
Resize,Virtual,35,1,0.678208,38,0,37,38,false,Taffy recalculation;Taffy recalculation;Taffy recalculation;Taffy recalculation;Taffy recalculation;Taffy recalculation;Taffy recalculation;Taffy recalculation;Taffy recalculation;Taffy recalculation;Taffy recalculation;Taffy recalculation;Taffy recalculation;Taffy recalculation;Taffy recalculation;Taffy recalculation;Taffy recalculation;Taffy recalculation;Taffy recalculation;Taffy recalculation;Taffy recalculation;Taffy recalculation;Taffy recalculation;Taffy recalculation;Taffy recalculation;Taffy recalculation;Taffy recalculation;Taffy recalculation;Taffy recalculation;Taffy recalculation;Taffy recalculation;Taffy recalculation;Taffy recalculation;Taffy recalculation;Taffy recalculation;Taffy recalculation;Taffy recalculation;Taffy recalculation
Resize,Virtual,35,2,0.678208,38,0,37,0,false,
Resize,Virtual,36,0,0.673042,38,0,37,1,false,Taffy recalculation
Resize,Virtual,36,1,0.673042,38,0,37,38,false,Taffy recalculation;Taffy recalculation;Taffy recalculation;Taffy recalculation;Taffy recalculation;Taffy recalculation;Taffy recalculation;Taffy recalculation;Taffy recalculation;Taffy recalculation;Taffy recalculation;Taffy recalculation;Taffy recalculation;Taffy recalculation;Taffy recalculation;Taffy recalculation;Taffy recalculation;Taffy recalculation;Taffy recalculation;Taffy recalculation;Taffy recalculation;Taffy recalculation;Taffy recalculation;Taffy recalculation;Taffy recalculation;Taffy recalculation;Taffy recalculation;Taffy recalculation;Taffy recalculation;Taffy recalculation;Taffy recalculation;Taffy recalculation;Taffy recalculation;Taffy recalculation;Taffy recalculation;Taffy recalculation;Taffy recalculation;Taffy recalculation
Resize,Virtual,36,2,0.673042,38,0,37,0,false,
Resize,Virtual,37,0,0.580125,38,0,37,1,false,Taffy recalculation
Resize,Virtual,37,1,0.580125,38,0,37,38,false,Taffy recalculation;Taffy recalculation;Taffy recalculation;Taffy recalculation;Taffy recalculation;Taffy recalculation;Taffy recalculation;Taffy recalculation;Taffy recalculation;Taffy recalculation;Taffy recalculation;Taffy recalculation;Taffy recalculation;Taffy recalculation;Taffy recalculation;Taffy recalculation;Taffy recalculation;Taffy recalculation;Taffy recalculation;Taffy recalculation;Taffy recalculation;Taffy recalculation;Taffy recalculation;Taffy recalculation;Taffy recalculation;Taffy recalculation;Taffy recalculation;Taffy recalculation;Taffy recalculation;Taffy recalculation;Taffy recalculation;Taffy recalculation;Taffy recalculation;Taffy recalculation;Taffy recalculation;Taffy recalculation;Taffy recalculation;Taffy recalculation
Resize,Virtual,37,2,0.580125,38,0,37,0,false,
Resize,Virtual,38,0,0.659625,38,0,37,1,false,Taffy recalculation
Resize,Virtual,38,1,0.659625,38,0,37,38,false,Taffy recalculation;Taffy recalculation;Taffy recalculation;Taffy recalculation;Taffy recalculation;Taffy recalculation;Taffy recalculation;Taffy recalculation;Taffy recalculation;Taffy recalculation;Taffy recalculation;Taffy recalculation;Taffy recalculation;Taffy recalculation;Taffy recalculation;Taffy recalculation;Taffy recalculation;Taffy recalculation;Taffy recalculation;Taffy recalculation;Taffy recalculation;Taffy recalculation;Taffy recalculation;Taffy recalculation;Taffy recalculation;Taffy recalculation;Taffy recalculation;Taffy recalculation;Taffy recalculation;Taffy recalculation;Taffy recalculation;Taffy recalculation;Taffy recalculation;Taffy recalculation;Taffy recalculation;Taffy recalculation;Taffy recalculation;Taffy recalculation
Resize,Virtual,38,2,0.659625,38,0,37,0,false,
Resize,Virtual,39,0,0.648958,38,0,37,1,false,Taffy recalculation
Resize,Virtual,39,1,0.648958,38,0,37,38,false,Taffy recalculation;Taffy recalculation;Taffy recalculation;Taffy recalculation;Taffy recalculation;Taffy recalculation;Taffy recalculation;Taffy recalculation;Taffy recalculation;Taffy recalculation;Taffy recalculation;Taffy recalculation;Taffy recalculation;Taffy recalculation;Taffy recalculation;Taffy recalculation;Taffy recalculation;Taffy recalculation;Taffy recalculation;Taffy recalculation;Taffy recalculation;Taffy recalculation;Taffy recalculation;Taffy recalculation;Taffy recalculation;Taffy recalculation;Taffy recalculation;Taffy recalculation;Taffy recalculation;Taffy recalculation;Taffy recalculation;Taffy recalculation;Taffy recalculation;Taffy recalculation;Taffy recalculation;Taffy recalculation;Taffy recalculation;Taffy recalculation
Resize,Virtual,39,2,0.648958,38,0,37,0,false,
Resize,Virtual,40,0,0.576833,38,0,37,1,false,Taffy recalculation
Resize,Virtual,40,1,0.576833,38,0,37,38,false,Taffy recalculation;Taffy recalculation;Taffy recalculation;Taffy recalculation;Taffy recalculation;Taffy recalculation;Taffy recalculation;Taffy recalculation;Taffy recalculation;Taffy recalculation;Taffy recalculation;Taffy recalculation;Taffy recalculation;Taffy recalculation;Taffy recalculation;Taffy recalculation;Taffy recalculation;Taffy recalculation;Taffy recalculation;Taffy recalculation;Taffy recalculation;Taffy recalculation;Taffy recalculation;Taffy recalculation;Taffy recalculation;Taffy recalculation;Taffy recalculation;Taffy recalculation;Taffy recalculation;Taffy recalculation;Taffy recalculation;Taffy recalculation;Taffy recalculation;Taffy recalculation;Taffy recalculation;Taffy recalculation;Taffy recalculation;Taffy recalculation
Resize,Virtual,40,2,0.576833,38,0,37,0,false,
Resize,Virtual,41,0,0.687500,38,0,37,1,false,Taffy recalculation
Resize,Virtual,41,1,0.687500,39,0,38,39,false,Taffy recalculation;Taffy recalculation;Taffy recalculation;Taffy recalculation;Taffy recalculation;Taffy recalculation;Taffy recalculation;Taffy recalculation;Taffy recalculation;Taffy recalculation;Taffy recalculation;Taffy recalculation;Taffy recalculation;Taffy recalculation;Taffy recalculation;Taffy recalculation;Taffy recalculation;Taffy recalculation;Taffy recalculation;Taffy recalculation;Taffy recalculation;Taffy recalculation;Taffy recalculation;Taffy recalculation;Taffy recalculation;Taffy recalculation;Taffy recalculation;Taffy recalculation;Taffy recalculation;Taffy recalculation;Taffy recalculation;Taffy recalculation;Taffy recalculation;Taffy recalculation;Taffy recalculation;Taffy recalculation;Taffy recalculation;Taffy recalculation;Taffy recalculation
Resize,Virtual,41,2,0.687500,39,0,38,0,false,
Resize,Virtual,42,0,0.662166,39,0,38,1,false,Taffy recalculation
Resize,Virtual,42,1,0.662166,39,0,38,39,false,Taffy recalculation;Taffy recalculation;Taffy recalculation;Taffy recalculation;Taffy recalculation;Taffy recalculation;Taffy recalculation;Taffy recalculation;Taffy recalculation;Taffy recalculation;Taffy recalculation;Taffy recalculation;Taffy recalculation;Taffy recalculation;Taffy recalculation;Taffy recalculation;Taffy recalculation;Taffy recalculation;Taffy recalculation;Taffy recalculation;Taffy recalculation;Taffy recalculation;Taffy recalculation;Taffy recalculation;Taffy recalculation;Taffy recalculation;Taffy recalculation;Taffy recalculation;Taffy recalculation;Taffy recalculation;Taffy recalculation;Taffy recalculation;Taffy recalculation;Taffy recalculation;Taffy recalculation;Taffy recalculation;Taffy recalculation;Taffy recalculation;Taffy recalculation
Resize,Virtual,42,2,0.662166,39,0,38,0,false,
Resize,Virtual,43,0,0.580708,39,0,38,1,false,Taffy recalculation
Resize,Virtual,43,1,0.580708,39,0,38,39,false,Taffy recalculation;Taffy recalculation;Taffy recalculation;Taffy recalculation;Taffy recalculation;Taffy recalculation;Taffy recalculation;Taffy recalculation;Taffy recalculation;Taffy recalculation;Taffy recalculation;Taffy recalculation;Taffy recalculation;Taffy recalculation;Taffy recalculation;Taffy recalculation;Taffy recalculation;Taffy recalculation;Taffy recalculation;Taffy recalculation;Taffy recalculation;Taffy recalculation;Taffy recalculation;Taffy recalculation;Taffy recalculation;Taffy recalculation;Taffy recalculation;Taffy recalculation;Taffy recalculation;Taffy recalculation;Taffy recalculation;Taffy recalculation;Taffy recalculation;Taffy recalculation;Taffy recalculation;Taffy recalculation;Taffy recalculation;Taffy recalculation;Taffy recalculation
Resize,Virtual,43,2,0.580708,39,0,38,0,false,
Resize,Virtual,44,0,0.676167,39,0,38,1,false,Taffy recalculation
Resize,Virtual,44,1,0.676167,39,0,38,39,false,Taffy recalculation;Taffy recalculation;Taffy recalculation;Taffy recalculation;Taffy recalculation;Taffy recalculation;Taffy recalculation;Taffy recalculation;Taffy recalculation;Taffy recalculation;Taffy recalculation;Taffy recalculation;Taffy recalculation;Taffy recalculation;Taffy recalculation;Taffy recalculation;Taffy recalculation;Taffy recalculation;Taffy recalculation;Taffy recalculation;Taffy recalculation;Taffy recalculation;Taffy recalculation;Taffy recalculation;Taffy recalculation;Taffy recalculation;Taffy recalculation;Taffy recalculation;Taffy recalculation;Taffy recalculation;Taffy recalculation;Taffy recalculation;Taffy recalculation;Taffy recalculation;Taffy recalculation;Taffy recalculation;Taffy recalculation;Taffy recalculation;Taffy recalculation
Resize,Virtual,44,2,0.676167,39,0,38,0,false,
Resize,Virtual,45,0,0.675208,39,0,38,1,false,Taffy recalculation
Resize,Virtual,45,1,0.675208,39,0,38,39,false,Taffy recalculation;Taffy recalculation;Taffy recalculation;Taffy recalculation;Taffy recalculation;Taffy recalculation;Taffy recalculation;Taffy recalculation;Taffy recalculation;Taffy recalculation;Taffy recalculation;Taffy recalculation;Taffy recalculation;Taffy recalculation;Taffy recalculation;Taffy recalculation;Taffy recalculation;Taffy recalculation;Taffy recalculation;Taffy recalculation;Taffy recalculation;Taffy recalculation;Taffy recalculation;Taffy recalculation;Taffy recalculation;Taffy recalculation;Taffy recalculation;Taffy recalculation;Taffy recalculation;Taffy recalculation;Taffy recalculation;Taffy recalculation;Taffy recalculation;Taffy recalculation;Taffy recalculation;Taffy recalculation;Taffy recalculation;Taffy recalculation;Taffy recalculation
Resize,Virtual,45,2,0.675208,39,0,38,0,false,
Resize,Virtual,46,0,0.592958,39,0,38,1,false,Taffy recalculation
Resize,Virtual,46,1,0.592958,39,0,38,39,false,Taffy recalculation;Taffy recalculation;Taffy recalculation;Taffy recalculation;Taffy recalculation;Taffy recalculation;Taffy recalculation;Taffy recalculation;Taffy recalculation;Taffy recalculation;Taffy recalculation;Taffy recalculation;Taffy recalculation;Taffy recalculation;Taffy recalculation;Taffy recalculation;Taffy recalculation;Taffy recalculation;Taffy recalculation;Taffy recalculation;Taffy recalculation;Taffy recalculation;Taffy recalculation;Taffy recalculation;Taffy recalculation;Taffy recalculation;Taffy recalculation;Taffy recalculation;Taffy recalculation;Taffy recalculation;Taffy recalculation;Taffy recalculation;Taffy recalculation;Taffy recalculation;Taffy recalculation;Taffy recalculation;Taffy recalculation;Taffy recalculation;Taffy recalculation
Resize,Virtual,46,2,0.592958,39,0,38,0,false,
Resize,Virtual,47,0,0.660708,39,0,38,1,false,Taffy recalculation
Resize,Virtual,47,1,0.660708,39,0,38,39,false,Taffy recalculation;Taffy recalculation;Taffy recalculation;Taffy recalculation;Taffy recalculation;Taffy recalculation;Taffy recalculation;Taffy recalculation;Taffy recalculation;Taffy recalculation;Taffy recalculation;Taffy recalculation;Taffy recalculation;Taffy recalculation;Taffy recalculation;Taffy recalculation;Taffy recalculation;Taffy recalculation;Taffy recalculation;Taffy recalculation;Taffy recalculation;Taffy recalculation;Taffy recalculation;Taffy recalculation;Taffy recalculation;Taffy recalculation;Taffy recalculation;Taffy recalculation;Taffy recalculation;Taffy recalculation;Taffy recalculation;Taffy recalculation;Taffy recalculation;Taffy recalculation;Taffy recalculation;Taffy recalculation;Taffy recalculation;Taffy recalculation;Taffy recalculation
Resize,Virtual,47,2,0.660708,39,0,38,0,false,
Resize,Virtual,48,0,0.680333,39,0,38,1,false,Taffy recalculation
Resize,Virtual,48,1,0.680333,39,0,38,39,false,Taffy recalculation;Taffy recalculation;Taffy recalculation;Taffy recalculation;Taffy recalculation;Taffy recalculation;Taffy recalculation;Taffy recalculation;Taffy recalculation;Taffy recalculation;Taffy recalculation;Taffy recalculation;Taffy recalculation;Taffy recalculation;Taffy recalculation;Taffy recalculation;Taffy recalculation;Taffy recalculation;Taffy recalculation;Taffy recalculation;Taffy recalculation;Taffy recalculation;Taffy recalculation;Taffy recalculation;Taffy recalculation;Taffy recalculation;Taffy recalculation;Taffy recalculation;Taffy recalculation;Taffy recalculation;Taffy recalculation;Taffy recalculation;Taffy recalculation;Taffy recalculation;Taffy recalculation;Taffy recalculation;Taffy recalculation;Taffy recalculation;Taffy recalculation
Resize,Virtual,48,2,0.680333,39,0,38,0,false,
Resize,Virtual,49,0,0.581750,39,0,38,1,false,Taffy recalculation
Resize,Virtual,49,1,0.581750,39,0,38,39,false,Taffy recalculation;Taffy recalculation;Taffy recalculation;Taffy recalculation;Taffy recalculation;Taffy recalculation;Taffy recalculation;Taffy recalculation;Taffy recalculation;Taffy recalculation;Taffy recalculation;Taffy recalculation;Taffy recalculation;Taffy recalculation;Taffy recalculation;Taffy recalculation;Taffy recalculation;Taffy recalculation;Taffy recalculation;Taffy recalculation;Taffy recalculation;Taffy recalculation;Taffy recalculation;Taffy recalculation;Taffy recalculation;Taffy recalculation;Taffy recalculation;Taffy recalculation;Taffy recalculation;Taffy recalculation;Taffy recalculation;Taffy recalculation;Taffy recalculation;Taffy recalculation;Taffy recalculation;Taffy recalculation;Taffy recalculation;Taffy recalculation;Taffy recalculation
Resize,Virtual,49,2,0.581750,39,0,38,0,false,
Resize,Virtual,50,0,0.684459,39,0,38,1,false,Taffy recalculation
Resize,Virtual,50,1,0.684459,39,0,38,39,false,Taffy recalculation;Taffy recalculation;Taffy recalculation;Taffy recalculation;Taffy recalculation;Taffy recalculation;Taffy recalculation;Taffy recalculation;Taffy recalculation;Taffy recalculation;Taffy recalculation;Taffy recalculation;Taffy recalculation;Taffy recalculation;Taffy recalculation;Taffy recalculation;Taffy recalculation;Taffy recalculation;Taffy recalculation;Taffy recalculation;Taffy recalculation;Taffy recalculation;Taffy recalculation;Taffy recalculation;Taffy recalculation;Taffy recalculation;Taffy recalculation;Taffy recalculation;Taffy recalculation;Taffy recalculation;Taffy recalculation;Taffy recalculation;Taffy recalculation;Taffy recalculation;Taffy recalculation;Taffy recalculation;Taffy recalculation;Taffy recalculation;Taffy recalculation
Resize,Virtual,50,2,0.684459,39,0,38,0,false,
Resize,Virtual,51,0,0.717250,39,0,38,1,false,Taffy recalculation
Resize,Virtual,51,1,0.717250,40,0,39,40,false,Taffy recalculation;Taffy recalculation;Taffy recalculation;Taffy recalculation;Taffy recalculation;Taffy recalculation;Taffy recalculation;Taffy recalculation;Taffy recalculation;Taffy recalculation;Taffy recalculation;Taffy recalculation;Taffy recalculation;Taffy recalculation;Taffy recalculation;Taffy recalculation;Taffy recalculation;Taffy recalculation;Taffy recalculation;Taffy recalculation;Taffy recalculation;Taffy recalculation;Taffy recalculation;Taffy recalculation;Taffy recalculation;Taffy recalculation;Taffy recalculation;Taffy recalculation;Taffy recalculation;Taffy recalculation;Taffy recalculation;Taffy recalculation;Taffy recalculation;Taffy recalculation;Taffy recalculation;Taffy recalculation;Taffy recalculation;Taffy recalculation;Taffy recalculation;Taffy recalculation
Resize,Virtual,51,2,0.717250,40,0,39,0,false,
Resize,Virtual,52,0,0.603250,40,0,39,1,false,Taffy recalculation
Resize,Virtual,52,1,0.603250,40,0,39,40,false,Taffy recalculation;Taffy recalculation;Taffy recalculation;Taffy recalculation;Taffy recalculation;Taffy recalculation;Taffy recalculation;Taffy recalculation;Taffy recalculation;Taffy recalculation;Taffy recalculation;Taffy recalculation;Taffy recalculation;Taffy recalculation;Taffy recalculation;Taffy recalculation;Taffy recalculation;Taffy recalculation;Taffy recalculation;Taffy recalculation;Taffy recalculation;Taffy recalculation;Taffy recalculation;Taffy recalculation;Taffy recalculation;Taffy recalculation;Taffy recalculation;Taffy recalculation;Taffy recalculation;Taffy recalculation;Taffy recalculation;Taffy recalculation;Taffy recalculation;Taffy recalculation;Taffy recalculation;Taffy recalculation;Taffy recalculation;Taffy recalculation;Taffy recalculation;Taffy recalculation
Resize,Virtual,52,2,0.603250,40,0,39,0,false,
Resize,Virtual,53,0,0.670750,40,0,39,1,false,Taffy recalculation
Resize,Virtual,53,1,0.670750,40,0,39,40,false,Taffy recalculation;Taffy recalculation;Taffy recalculation;Taffy recalculation;Taffy recalculation;Taffy recalculation;Taffy recalculation;Taffy recalculation;Taffy recalculation;Taffy recalculation;Taffy recalculation;Taffy recalculation;Taffy recalculation;Taffy recalculation;Taffy recalculation;Taffy recalculation;Taffy recalculation;Taffy recalculation;Taffy recalculation;Taffy recalculation;Taffy recalculation;Taffy recalculation;Taffy recalculation;Taffy recalculation;Taffy recalculation;Taffy recalculation;Taffy recalculation;Taffy recalculation;Taffy recalculation;Taffy recalculation;Taffy recalculation;Taffy recalculation;Taffy recalculation;Taffy recalculation;Taffy recalculation;Taffy recalculation;Taffy recalculation;Taffy recalculation;Taffy recalculation;Taffy recalculation
Resize,Virtual,53,2,0.670750,40,0,39,0,false,
Resize,Virtual,54,0,0.624209,40,0,39,1,false,Taffy recalculation
Resize,Virtual,54,1,0.624209,40,0,39,40,false,Taffy recalculation;Taffy recalculation;Taffy recalculation;Taffy recalculation;Taffy recalculation;Taffy recalculation;Taffy recalculation;Taffy recalculation;Taffy recalculation;Taffy recalculation;Taffy recalculation;Taffy recalculation;Taffy recalculation;Taffy recalculation;Taffy recalculation;Taffy recalculation;Taffy recalculation;Taffy recalculation;Taffy recalculation;Taffy recalculation;Taffy recalculation;Taffy recalculation;Taffy recalculation;Taffy recalculation;Taffy recalculation;Taffy recalculation;Taffy recalculation;Taffy recalculation;Taffy recalculation;Taffy recalculation;Taffy recalculation;Taffy recalculation;Taffy recalculation;Taffy recalculation;Taffy recalculation;Taffy recalculation;Taffy recalculation;Taffy recalculation;Taffy recalculation;Taffy recalculation
Resize,Virtual,54,2,0.624209,40,0,39,0,false,
Resize,Virtual,55,0,0.583584,40,0,39,1,false,Taffy recalculation
Resize,Virtual,55,1,0.583584,40,0,39,40,false,Taffy recalculation;Taffy recalculation;Taffy recalculation;Taffy recalculation;Taffy recalculation;Taffy recalculation;Taffy recalculation;Taffy recalculation;Taffy recalculation;Taffy recalculation;Taffy recalculation;Taffy recalculation;Taffy recalculation;Taffy recalculation;Taffy recalculation;Taffy recalculation;Taffy recalculation;Taffy recalculation;Taffy recalculation;Taffy recalculation;Taffy recalculation;Taffy recalculation;Taffy recalculation;Taffy recalculation;Taffy recalculation;Taffy recalculation;Taffy recalculation;Taffy recalculation;Taffy recalculation;Taffy recalculation;Taffy recalculation;Taffy recalculation;Taffy recalculation;Taffy recalculation;Taffy recalculation;Taffy recalculation;Taffy recalculation;Taffy recalculation;Taffy recalculation;Taffy recalculation
Resize,Virtual,55,2,0.583584,40,0,39,0,false,
Resize,Virtual,56,0,0.696125,40,0,39,1,false,Taffy recalculation
Resize,Virtual,56,1,0.696125,40,0,39,40,false,Taffy recalculation;Taffy recalculation;Taffy recalculation;Taffy recalculation;Taffy recalculation;Taffy recalculation;Taffy recalculation;Taffy recalculation;Taffy recalculation;Taffy recalculation;Taffy recalculation;Taffy recalculation;Taffy recalculation;Taffy recalculation;Taffy recalculation;Taffy recalculation;Taffy recalculation;Taffy recalculation;Taffy recalculation;Taffy recalculation;Taffy recalculation;Taffy recalculation;Taffy recalculation;Taffy recalculation;Taffy recalculation;Taffy recalculation;Taffy recalculation;Taffy recalculation;Taffy recalculation;Taffy recalculation;Taffy recalculation;Taffy recalculation;Taffy recalculation;Taffy recalculation;Taffy recalculation;Taffy recalculation;Taffy recalculation;Taffy recalculation;Taffy recalculation;Taffy recalculation
Resize,Virtual,56,2,0.696125,40,0,39,0,false,
Resize,Virtual,57,0,0.684709,40,0,39,1,false,Taffy recalculation
Resize,Virtual,57,1,0.684709,40,0,39,40,false,Taffy recalculation;Taffy recalculation;Taffy recalculation;Taffy recalculation;Taffy recalculation;Taffy recalculation;Taffy recalculation;Taffy recalculation;Taffy recalculation;Taffy recalculation;Taffy recalculation;Taffy recalculation;Taffy recalculation;Taffy recalculation;Taffy recalculation;Taffy recalculation;Taffy recalculation;Taffy recalculation;Taffy recalculation;Taffy recalculation;Taffy recalculation;Taffy recalculation;Taffy recalculation;Taffy recalculation;Taffy recalculation;Taffy recalculation;Taffy recalculation;Taffy recalculation;Taffy recalculation;Taffy recalculation;Taffy recalculation;Taffy recalculation;Taffy recalculation;Taffy recalculation;Taffy recalculation;Taffy recalculation;Taffy recalculation;Taffy recalculation;Taffy recalculation;Taffy recalculation
Resize,Virtual,57,2,0.684709,40,0,39,0,false,
Resize,Virtual,58,0,0.598083,40,0,39,1,false,Taffy recalculation
Resize,Virtual,58,1,0.598083,40,0,39,40,false,Taffy recalculation;Taffy recalculation;Taffy recalculation;Taffy recalculation;Taffy recalculation;Taffy recalculation;Taffy recalculation;Taffy recalculation;Taffy recalculation;Taffy recalculation;Taffy recalculation;Taffy recalculation;Taffy recalculation;Taffy recalculation;Taffy recalculation;Taffy recalculation;Taffy recalculation;Taffy recalculation;Taffy recalculation;Taffy recalculation;Taffy recalculation;Taffy recalculation;Taffy recalculation;Taffy recalculation;Taffy recalculation;Taffy recalculation;Taffy recalculation;Taffy recalculation;Taffy recalculation;Taffy recalculation;Taffy recalculation;Taffy recalculation;Taffy recalculation;Taffy recalculation;Taffy recalculation;Taffy recalculation;Taffy recalculation;Taffy recalculation;Taffy recalculation;Taffy recalculation
Resize,Virtual,58,2,0.598083,40,0,39,0,false,
Resize,Virtual,59,0,0.610833,40,0,39,1,false,Taffy recalculation
Resize,Virtual,59,1,0.610833,40,0,39,40,false,Taffy recalculation;Taffy recalculation;Taffy recalculation;Taffy recalculation;Taffy recalculation;Taffy recalculation;Taffy recalculation;Taffy recalculation;Taffy recalculation;Taffy recalculation;Taffy recalculation;Taffy recalculation;Taffy recalculation;Taffy recalculation;Taffy recalculation;Taffy recalculation;Taffy recalculation;Taffy recalculation;Taffy recalculation;Taffy recalculation;Taffy recalculation;Taffy recalculation;Taffy recalculation;Taffy recalculation;Taffy recalculation;Taffy recalculation;Taffy recalculation;Taffy recalculation;Taffy recalculation;Taffy recalculation;Taffy recalculation;Taffy recalculation;Taffy recalculation;Taffy recalculation;Taffy recalculation;Taffy recalculation;Taffy recalculation;Taffy recalculation;Taffy recalculation;Taffy recalculation
Resize,Virtual,59,2,0.610833,40,0,39,0,false,
Resize,Virtual,60,0,0.647209,40,0,39,1,false,Taffy recalculation
Resize,Virtual,60,1,0.647209,37,0,36,37,false,Taffy recalculation;Taffy recalculation;Taffy recalculation;Taffy recalculation;Taffy recalculation;Taffy recalculation;Taffy recalculation;Taffy recalculation;Taffy recalculation;Taffy recalculation;Taffy recalculation;Taffy recalculation;Taffy recalculation;Taffy recalculation;Taffy recalculation;Taffy recalculation;Taffy recalculation;Taffy recalculation;Taffy recalculation;Taffy recalculation;Taffy recalculation;Taffy recalculation;Taffy recalculation;Taffy recalculation;Taffy recalculation;Taffy recalculation;Taffy recalculation;Taffy recalculation;Taffy recalculation;Taffy recalculation;Taffy recalculation;Taffy recalculation;Taffy recalculation;Taffy recalculation;Taffy recalculation;Taffy recalculation;Taffy recalculation
Resize,Virtual,60,2,0.647209,37,0,36,0,false,
Resize,Virtual,61,0,0.582500,37,0,36,1,false,Taffy recalculation
Resize,Virtual,61,1,0.582500,38,0,37,38,false,Taffy recalculation;Taffy recalculation;Taffy recalculation;Taffy recalculation;Taffy recalculation;Taffy recalculation;Taffy recalculation;Taffy recalculation;Taffy recalculation;Taffy recalculation;Taffy recalculation;Taffy recalculation;Taffy recalculation;Taffy recalculation;Taffy recalculation;Taffy recalculation;Taffy recalculation;Taffy recalculation;Taffy recalculation;Taffy recalculation;Taffy recalculation;Taffy recalculation;Taffy recalculation;Taffy recalculation;Taffy recalculation;Taffy recalculation;Taffy recalculation;Taffy recalculation;Taffy recalculation;Taffy recalculation;Taffy recalculation;Taffy recalculation;Taffy recalculation;Taffy recalculation;Taffy recalculation;Taffy recalculation;Taffy recalculation;Taffy recalculation
Resize,Virtual,61,2,0.582500,38,0,37,0,false,
Resize,Virtual,62,0,0.642708,38,0,37,1,false,Taffy recalculation
Resize,Virtual,62,1,0.642708,38,0,37,38,false,Taffy recalculation;Taffy recalculation;Taffy recalculation;Taffy recalculation;Taffy recalculation;Taffy recalculation;Taffy recalculation;Taffy recalculation;Taffy recalculation;Taffy recalculation;Taffy recalculation;Taffy recalculation;Taffy recalculation;Taffy recalculation;Taffy recalculation;Taffy recalculation;Taffy recalculation;Taffy recalculation;Taffy recalculation;Taffy recalculation;Taffy recalculation;Taffy recalculation;Taffy recalculation;Taffy recalculation;Taffy recalculation;Taffy recalculation;Taffy recalculation;Taffy recalculation;Taffy recalculation;Taffy recalculation;Taffy recalculation;Taffy recalculation;Taffy recalculation;Taffy recalculation;Taffy recalculation;Taffy recalculation;Taffy recalculation;Taffy recalculation
Resize,Virtual,62,2,0.642708,38,0,37,0,false,
Resize,Virtual,63,0,0.642375,38,0,37,1,false,Taffy recalculation
Resize,Virtual,63,1,0.642375,38,0,37,38,false,Taffy recalculation;Taffy recalculation;Taffy recalculation;Taffy recalculation;Taffy recalculation;Taffy recalculation;Taffy recalculation;Taffy recalculation;Taffy recalculation;Taffy recalculation;Taffy recalculation;Taffy recalculation;Taffy recalculation;Taffy recalculation;Taffy recalculation;Taffy recalculation;Taffy recalculation;Taffy recalculation;Taffy recalculation;Taffy recalculation;Taffy recalculation;Taffy recalculation;Taffy recalculation;Taffy recalculation;Taffy recalculation;Taffy recalculation;Taffy recalculation;Taffy recalculation;Taffy recalculation;Taffy recalculation;Taffy recalculation;Taffy recalculation;Taffy recalculation;Taffy recalculation;Taffy recalculation;Taffy recalculation;Taffy recalculation;Taffy recalculation
Resize,Virtual,63,2,0.642375,38,0,37,0,false,
Resize,Virtual,64,0,0.568959,38,0,37,1,false,Taffy recalculation
Resize,Virtual,64,1,0.568959,38,0,37,38,false,Taffy recalculation;Taffy recalculation;Taffy recalculation;Taffy recalculation;Taffy recalculation;Taffy recalculation;Taffy recalculation;Taffy recalculation;Taffy recalculation;Taffy recalculation;Taffy recalculation;Taffy recalculation;Taffy recalculation;Taffy recalculation;Taffy recalculation;Taffy recalculation;Taffy recalculation;Taffy recalculation;Taffy recalculation;Taffy recalculation;Taffy recalculation;Taffy recalculation;Taffy recalculation;Taffy recalculation;Taffy recalculation;Taffy recalculation;Taffy recalculation;Taffy recalculation;Taffy recalculation;Taffy recalculation;Taffy recalculation;Taffy recalculation;Taffy recalculation;Taffy recalculation;Taffy recalculation;Taffy recalculation;Taffy recalculation;Taffy recalculation
Resize,Virtual,64,2,0.568959,38,0,37,0,false,
Resize,Virtual,65,0,0.655333,38,0,37,1,false,Taffy recalculation
Resize,Virtual,65,1,0.655333,38,0,37,38,false,Taffy recalculation;Taffy recalculation;Taffy recalculation;Taffy recalculation;Taffy recalculation;Taffy recalculation;Taffy recalculation;Taffy recalculation;Taffy recalculation;Taffy recalculation;Taffy recalculation;Taffy recalculation;Taffy recalculation;Taffy recalculation;Taffy recalculation;Taffy recalculation;Taffy recalculation;Taffy recalculation;Taffy recalculation;Taffy recalculation;Taffy recalculation;Taffy recalculation;Taffy recalculation;Taffy recalculation;Taffy recalculation;Taffy recalculation;Taffy recalculation;Taffy recalculation;Taffy recalculation;Taffy recalculation;Taffy recalculation;Taffy recalculation;Taffy recalculation;Taffy recalculation;Taffy recalculation;Taffy recalculation;Taffy recalculation;Taffy recalculation
Resize,Virtual,65,2,0.655333,38,0,37,0,false,
Resize,Virtual,66,0,0.645667,38,0,37,1,false,Taffy recalculation
Resize,Virtual,66,1,0.645667,38,0,37,38,false,Taffy recalculation;Taffy recalculation;Taffy recalculation;Taffy recalculation;Taffy recalculation;Taffy recalculation;Taffy recalculation;Taffy recalculation;Taffy recalculation;Taffy recalculation;Taffy recalculation;Taffy recalculation;Taffy recalculation;Taffy recalculation;Taffy recalculation;Taffy recalculation;Taffy recalculation;Taffy recalculation;Taffy recalculation;Taffy recalculation;Taffy recalculation;Taffy recalculation;Taffy recalculation;Taffy recalculation;Taffy recalculation;Taffy recalculation;Taffy recalculation;Taffy recalculation;Taffy recalculation;Taffy recalculation;Taffy recalculation;Taffy recalculation;Taffy recalculation;Taffy recalculation;Taffy recalculation;Taffy recalculation;Taffy recalculation;Taffy recalculation
Resize,Virtual,66,2,0.645667,38,0,37,0,false,
Resize,Virtual,67,0,0.573417,38,0,37,1,false,Taffy recalculation
Resize,Virtual,67,1,0.573417,38,0,37,38,false,Taffy recalculation;Taffy recalculation;Taffy recalculation;Taffy recalculation;Taffy recalculation;Taffy recalculation;Taffy recalculation;Taffy recalculation;Taffy recalculation;Taffy recalculation;Taffy recalculation;Taffy recalculation;Taffy recalculation;Taffy recalculation;Taffy recalculation;Taffy recalculation;Taffy recalculation;Taffy recalculation;Taffy recalculation;Taffy recalculation;Taffy recalculation;Taffy recalculation;Taffy recalculation;Taffy recalculation;Taffy recalculation;Taffy recalculation;Taffy recalculation;Taffy recalculation;Taffy recalculation;Taffy recalculation;Taffy recalculation;Taffy recalculation;Taffy recalculation;Taffy recalculation;Taffy recalculation;Taffy recalculation;Taffy recalculation;Taffy recalculation
Resize,Virtual,67,2,0.573417,38,0,37,0,false,
Resize,Virtual,68,0,0.680875,38,0,37,1,false,Taffy recalculation
Resize,Virtual,68,1,0.680875,38,0,37,38,false,Taffy recalculation;Taffy recalculation;Taffy recalculation;Taffy recalculation;Taffy recalculation;Taffy recalculation;Taffy recalculation;Taffy recalculation;Taffy recalculation;Taffy recalculation;Taffy recalculation;Taffy recalculation;Taffy recalculation;Taffy recalculation;Taffy recalculation;Taffy recalculation;Taffy recalculation;Taffy recalculation;Taffy recalculation;Taffy recalculation;Taffy recalculation;Taffy recalculation;Taffy recalculation;Taffy recalculation;Taffy recalculation;Taffy recalculation;Taffy recalculation;Taffy recalculation;Taffy recalculation;Taffy recalculation;Taffy recalculation;Taffy recalculation;Taffy recalculation;Taffy recalculation;Taffy recalculation;Taffy recalculation;Taffy recalculation;Taffy recalculation
Resize,Virtual,68,2,0.680875,38,0,37,0,false,
Resize,Virtual,69,0,0.678791,38,0,37,1,false,Taffy recalculation
Resize,Virtual,69,1,0.678791,38,0,37,38,false,Taffy recalculation;Taffy recalculation;Taffy recalculation;Taffy recalculation;Taffy recalculation;Taffy recalculation;Taffy recalculation;Taffy recalculation;Taffy recalculation;Taffy recalculation;Taffy recalculation;Taffy recalculation;Taffy recalculation;Taffy recalculation;Taffy recalculation;Taffy recalculation;Taffy recalculation;Taffy recalculation;Taffy recalculation;Taffy recalculation;Taffy recalculation;Taffy recalculation;Taffy recalculation;Taffy recalculation;Taffy recalculation;Taffy recalculation;Taffy recalculation;Taffy recalculation;Taffy recalculation;Taffy recalculation;Taffy recalculation;Taffy recalculation;Taffy recalculation;Taffy recalculation;Taffy recalculation;Taffy recalculation;Taffy recalculation;Taffy recalculation
Resize,Virtual,69,2,0.678791,38,0,37,0,false,
Resize,Virtual,70,0,0.583458,38,0,37,1,false,Taffy recalculation
Resize,Virtual,70,1,0.583458,38,0,37,38,false,Taffy recalculation;Taffy recalculation;Taffy recalculation;Taffy recalculation;Taffy recalculation;Taffy recalculation;Taffy recalculation;Taffy recalculation;Taffy recalculation;Taffy recalculation;Taffy recalculation;Taffy recalculation;Taffy recalculation;Taffy recalculation;Taffy recalculation;Taffy recalculation;Taffy recalculation;Taffy recalculation;Taffy recalculation;Taffy recalculation;Taffy recalculation;Taffy recalculation;Taffy recalculation;Taffy recalculation;Taffy recalculation;Taffy recalculation;Taffy recalculation;Taffy recalculation;Taffy recalculation;Taffy recalculation;Taffy recalculation;Taffy recalculation;Taffy recalculation;Taffy recalculation;Taffy recalculation;Taffy recalculation;Taffy recalculation;Taffy recalculation
Resize,Virtual,70,2,0.583458,38,0,37,0,false,
Resize,Virtual,71,0,0.689916,38,0,37,1,false,Taffy recalculation
Resize,Virtual,71,1,0.689916,39,0,38,39,false,Taffy recalculation;Taffy recalculation;Taffy recalculation;Taffy recalculation;Taffy recalculation;Taffy recalculation;Taffy recalculation;Taffy recalculation;Taffy recalculation;Taffy recalculation;Taffy recalculation;Taffy recalculation;Taffy recalculation;Taffy recalculation;Taffy recalculation;Taffy recalculation;Taffy recalculation;Taffy recalculation;Taffy recalculation;Taffy recalculation;Taffy recalculation;Taffy recalculation;Taffy recalculation;Taffy recalculation;Taffy recalculation;Taffy recalculation;Taffy recalculation;Taffy recalculation;Taffy recalculation;Taffy recalculation;Taffy recalculation;Taffy recalculation;Taffy recalculation;Taffy recalculation;Taffy recalculation;Taffy recalculation;Taffy recalculation;Taffy recalculation;Taffy recalculation
Resize,Virtual,71,2,0.689916,39,0,38,0,false,
Resize,Virtual,72,0,0.683041,39,0,38,1,false,Taffy recalculation
Resize,Virtual,72,1,0.683041,39,0,38,39,false,Taffy recalculation;Taffy recalculation;Taffy recalculation;Taffy recalculation;Taffy recalculation;Taffy recalculation;Taffy recalculation;Taffy recalculation;Taffy recalculation;Taffy recalculation;Taffy recalculation;Taffy recalculation;Taffy recalculation;Taffy recalculation;Taffy recalculation;Taffy recalculation;Taffy recalculation;Taffy recalculation;Taffy recalculation;Taffy recalculation;Taffy recalculation;Taffy recalculation;Taffy recalculation;Taffy recalculation;Taffy recalculation;Taffy recalculation;Taffy recalculation;Taffy recalculation;Taffy recalculation;Taffy recalculation;Taffy recalculation;Taffy recalculation;Taffy recalculation;Taffy recalculation;Taffy recalculation;Taffy recalculation;Taffy recalculation;Taffy recalculation;Taffy recalculation
Resize,Virtual,72,2,0.683041,39,0,38,0,false,
Resize,Virtual,73,0,0.630208,39,0,38,1,false,Taffy recalculation
Resize,Virtual,73,1,0.630208,39,0,38,39,false,Taffy recalculation;Taffy recalculation;Taffy recalculation;Taffy recalculation;Taffy recalculation;Taffy recalculation;Taffy recalculation;Taffy recalculation;Taffy recalculation;Taffy recalculation;Taffy recalculation;Taffy recalculation;Taffy recalculation;Taffy recalculation;Taffy recalculation;Taffy recalculation;Taffy recalculation;Taffy recalculation;Taffy recalculation;Taffy recalculation;Taffy recalculation;Taffy recalculation;Taffy recalculation;Taffy recalculation;Taffy recalculation;Taffy recalculation;Taffy recalculation;Taffy recalculation;Taffy recalculation;Taffy recalculation;Taffy recalculation;Taffy recalculation;Taffy recalculation;Taffy recalculation;Taffy recalculation;Taffy recalculation;Taffy recalculation;Taffy recalculation;Taffy recalculation
Resize,Virtual,73,2,0.630208,39,0,38,0,false,
Resize,Virtual,74,0,0.685875,39,0,38,1,false,Taffy recalculation
Resize,Virtual,74,1,0.685875,39,0,38,39,false,Taffy recalculation;Taffy recalculation;Taffy recalculation;Taffy recalculation;Taffy recalculation;Taffy recalculation;Taffy recalculation;Taffy recalculation;Taffy recalculation;Taffy recalculation;Taffy recalculation;Taffy recalculation;Taffy recalculation;Taffy recalculation;Taffy recalculation;Taffy recalculation;Taffy recalculation;Taffy recalculation;Taffy recalculation;Taffy recalculation;Taffy recalculation;Taffy recalculation;Taffy recalculation;Taffy recalculation;Taffy recalculation;Taffy recalculation;Taffy recalculation;Taffy recalculation;Taffy recalculation;Taffy recalculation;Taffy recalculation;Taffy recalculation;Taffy recalculation;Taffy recalculation;Taffy recalculation;Taffy recalculation;Taffy recalculation;Taffy recalculation;Taffy recalculation
Resize,Virtual,74,2,0.685875,39,0,38,0,false,
Resize,Virtual,75,0,0.695250,39,0,38,1,false,Taffy recalculation
Resize,Virtual,75,1,0.695250,39,0,38,39,false,Taffy recalculation;Taffy recalculation;Taffy recalculation;Taffy recalculation;Taffy recalculation;Taffy recalculation;Taffy recalculation;Taffy recalculation;Taffy recalculation;Taffy recalculation;Taffy recalculation;Taffy recalculation;Taffy recalculation;Taffy recalculation;Taffy recalculation;Taffy recalculation;Taffy recalculation;Taffy recalculation;Taffy recalculation;Taffy recalculation;Taffy recalculation;Taffy recalculation;Taffy recalculation;Taffy recalculation;Taffy recalculation;Taffy recalculation;Taffy recalculation;Taffy recalculation;Taffy recalculation;Taffy recalculation;Taffy recalculation;Taffy recalculation;Taffy recalculation;Taffy recalculation;Taffy recalculation;Taffy recalculation;Taffy recalculation;Taffy recalculation;Taffy recalculation
Resize,Virtual,75,2,0.695250,39,0,38,0,false,
Resize,Virtual,76,0,0.573375,39,0,38,1,false,Taffy recalculation
Resize,Virtual,76,1,0.573375,39,0,38,39,false,Taffy recalculation;Taffy recalculation;Taffy recalculation;Taffy recalculation;Taffy recalculation;Taffy recalculation;Taffy recalculation;Taffy recalculation;Taffy recalculation;Taffy recalculation;Taffy recalculation;Taffy recalculation;Taffy recalculation;Taffy recalculation;Taffy recalculation;Taffy recalculation;Taffy recalculation;Taffy recalculation;Taffy recalculation;Taffy recalculation;Taffy recalculation;Taffy recalculation;Taffy recalculation;Taffy recalculation;Taffy recalculation;Taffy recalculation;Taffy recalculation;Taffy recalculation;Taffy recalculation;Taffy recalculation;Taffy recalculation;Taffy recalculation;Taffy recalculation;Taffy recalculation;Taffy recalculation;Taffy recalculation;Taffy recalculation;Taffy recalculation;Taffy recalculation
Resize,Virtual,76,2,0.573375,39,0,38,0,false,
Resize,Virtual,77,0,0.661584,39,0,38,1,false,Taffy recalculation
Resize,Virtual,77,1,0.661584,39,0,38,39,false,Taffy recalculation;Taffy recalculation;Taffy recalculation;Taffy recalculation;Taffy recalculation;Taffy recalculation;Taffy recalculation;Taffy recalculation;Taffy recalculation;Taffy recalculation;Taffy recalculation;Taffy recalculation;Taffy recalculation;Taffy recalculation;Taffy recalculation;Taffy recalculation;Taffy recalculation;Taffy recalculation;Taffy recalculation;Taffy recalculation;Taffy recalculation;Taffy recalculation;Taffy recalculation;Taffy recalculation;Taffy recalculation;Taffy recalculation;Taffy recalculation;Taffy recalculation;Taffy recalculation;Taffy recalculation;Taffy recalculation;Taffy recalculation;Taffy recalculation;Taffy recalculation;Taffy recalculation;Taffy recalculation;Taffy recalculation;Taffy recalculation;Taffy recalculation
Resize,Virtual,77,2,0.661584,39,0,38,0,false,
Resize,Virtual,78,0,0.708833,39,0,38,1,false,Taffy recalculation
Resize,Virtual,78,1,0.708833,39,0,38,39,false,Taffy recalculation;Taffy recalculation;Taffy recalculation;Taffy recalculation;Taffy recalculation;Taffy recalculation;Taffy recalculation;Taffy recalculation;Taffy recalculation;Taffy recalculation;Taffy recalculation;Taffy recalculation;Taffy recalculation;Taffy recalculation;Taffy recalculation;Taffy recalculation;Taffy recalculation;Taffy recalculation;Taffy recalculation;Taffy recalculation;Taffy recalculation;Taffy recalculation;Taffy recalculation;Taffy recalculation;Taffy recalculation;Taffy recalculation;Taffy recalculation;Taffy recalculation;Taffy recalculation;Taffy recalculation;Taffy recalculation;Taffy recalculation;Taffy recalculation;Taffy recalculation;Taffy recalculation;Taffy recalculation;Taffy recalculation;Taffy recalculation;Taffy recalculation
Resize,Virtual,78,2,0.708833,39,0,38,0,false,
Resize,Virtual,79,0,0.653166,39,0,38,1,false,Taffy recalculation
Resize,Virtual,79,1,0.653166,39,0,38,39,false,Taffy recalculation;Taffy recalculation;Taffy recalculation;Taffy recalculation;Taffy recalculation;Taffy recalculation;Taffy recalculation;Taffy recalculation;Taffy recalculation;Taffy recalculation;Taffy recalculation;Taffy recalculation;Taffy recalculation;Taffy recalculation;Taffy recalculation;Taffy recalculation;Taffy recalculation;Taffy recalculation;Taffy recalculation;Taffy recalculation;Taffy recalculation;Taffy recalculation;Taffy recalculation;Taffy recalculation;Taffy recalculation;Taffy recalculation;Taffy recalculation;Taffy recalculation;Taffy recalculation;Taffy recalculation;Taffy recalculation;Taffy recalculation;Taffy recalculation;Taffy recalculation;Taffy recalculation;Taffy recalculation;Taffy recalculation;Taffy recalculation;Taffy recalculation
Resize,Virtual,79,2,0.653166,39,0,38,0,false,
Resize,Virtual,80,0,0.701584,39,0,38,1,false,Taffy recalculation
Resize,Virtual,80,1,0.701584,39,0,38,39,false,Taffy recalculation;Taffy recalculation;Taffy recalculation;Taffy recalculation;Taffy recalculation;Taffy recalculation;Taffy recalculation;Taffy recalculation;Taffy recalculation;Taffy recalculation;Taffy recalculation;Taffy recalculation;Taffy recalculation;Taffy recalculation;Taffy recalculation;Taffy recalculation;Taffy recalculation;Taffy recalculation;Taffy recalculation;Taffy recalculation;Taffy recalculation;Taffy recalculation;Taffy recalculation;Taffy recalculation;Taffy recalculation;Taffy recalculation;Taffy recalculation;Taffy recalculation;Taffy recalculation;Taffy recalculation;Taffy recalculation;Taffy recalculation;Taffy recalculation;Taffy recalculation;Taffy recalculation;Taffy recalculation;Taffy recalculation;Taffy recalculation;Taffy recalculation
Resize,Virtual,80,2,0.701584,39,0,38,0,false,
Resize,Virtual,81,0,0.704792,39,0,38,1,false,Taffy recalculation
Resize,Virtual,81,1,0.704792,40,0,39,40,false,Taffy recalculation;Taffy recalculation;Taffy recalculation;Taffy recalculation;Taffy recalculation;Taffy recalculation;Taffy recalculation;Taffy recalculation;Taffy recalculation;Taffy recalculation;Taffy recalculation;Taffy recalculation;Taffy recalculation;Taffy recalculation;Taffy recalculation;Taffy recalculation;Taffy recalculation;Taffy recalculation;Taffy recalculation;Taffy recalculation;Taffy recalculation;Taffy recalculation;Taffy recalculation;Taffy recalculation;Taffy recalculation;Taffy recalculation;Taffy recalculation;Taffy recalculation;Taffy recalculation;Taffy recalculation;Taffy recalculation;Taffy recalculation;Taffy recalculation;Taffy recalculation;Taffy recalculation;Taffy recalculation;Taffy recalculation;Taffy recalculation;Taffy recalculation;Taffy recalculation
Resize,Virtual,81,2,0.704792,40,0,39,0,false,
Resize,Virtual,82,0,0.601166,40,0,39,1,false,Taffy recalculation
Resize,Virtual,82,1,0.601166,40,0,39,40,false,Taffy recalculation;Taffy recalculation;Taffy recalculation;Taffy recalculation;Taffy recalculation;Taffy recalculation;Taffy recalculation;Taffy recalculation;Taffy recalculation;Taffy recalculation;Taffy recalculation;Taffy recalculation;Taffy recalculation;Taffy recalculation;Taffy recalculation;Taffy recalculation;Taffy recalculation;Taffy recalculation;Taffy recalculation;Taffy recalculation;Taffy recalculation;Taffy recalculation;Taffy recalculation;Taffy recalculation;Taffy recalculation;Taffy recalculation;Taffy recalculation;Taffy recalculation;Taffy recalculation;Taffy recalculation;Taffy recalculation;Taffy recalculation;Taffy recalculation;Taffy recalculation;Taffy recalculation;Taffy recalculation;Taffy recalculation;Taffy recalculation;Taffy recalculation;Taffy recalculation
Resize,Virtual,82,2,0.601166,40,0,39,0,false,
Resize,Virtual,83,0,0.691125,40,0,39,1,false,Taffy recalculation
Resize,Virtual,83,1,0.691125,40,0,39,40,false,Taffy recalculation;Taffy recalculation;Taffy recalculation;Taffy recalculation;Taffy recalculation;Taffy recalculation;Taffy recalculation;Taffy recalculation;Taffy recalculation;Taffy recalculation;Taffy recalculation;Taffy recalculation;Taffy recalculation;Taffy recalculation;Taffy recalculation;Taffy recalculation;Taffy recalculation;Taffy recalculation;Taffy recalculation;Taffy recalculation;Taffy recalculation;Taffy recalculation;Taffy recalculation;Taffy recalculation;Taffy recalculation;Taffy recalculation;Taffy recalculation;Taffy recalculation;Taffy recalculation;Taffy recalculation;Taffy recalculation;Taffy recalculation;Taffy recalculation;Taffy recalculation;Taffy recalculation;Taffy recalculation;Taffy recalculation;Taffy recalculation;Taffy recalculation;Taffy recalculation
Resize,Virtual,83,2,0.691125,40,0,39,0,false,
Resize,Virtual,84,0,0.692792,40,0,39,1,false,Taffy recalculation
Resize,Virtual,84,1,0.692792,40,0,39,40,false,Taffy recalculation;Taffy recalculation;Taffy recalculation;Taffy recalculation;Taffy recalculation;Taffy recalculation;Taffy recalculation;Taffy recalculation;Taffy recalculation;Taffy recalculation;Taffy recalculation;Taffy recalculation;Taffy recalculation;Taffy recalculation;Taffy recalculation;Taffy recalculation;Taffy recalculation;Taffy recalculation;Taffy recalculation;Taffy recalculation;Taffy recalculation;Taffy recalculation;Taffy recalculation;Taffy recalculation;Taffy recalculation;Taffy recalculation;Taffy recalculation;Taffy recalculation;Taffy recalculation;Taffy recalculation;Taffy recalculation;Taffy recalculation;Taffy recalculation;Taffy recalculation;Taffy recalculation;Taffy recalculation;Taffy recalculation;Taffy recalculation;Taffy recalculation;Taffy recalculation
Resize,Virtual,84,2,0.692792,40,0,39,0,false,
Resize,Virtual,85,0,0.599125,40,0,39,1,false,Taffy recalculation
Resize,Virtual,85,1,0.599125,40,0,39,40,false,Taffy recalculation;Taffy recalculation;Taffy recalculation;Taffy recalculation;Taffy recalculation;Taffy recalculation;Taffy recalculation;Taffy recalculation;Taffy recalculation;Taffy recalculation;Taffy recalculation;Taffy recalculation;Taffy recalculation;Taffy recalculation;Taffy recalculation;Taffy recalculation;Taffy recalculation;Taffy recalculation;Taffy recalculation;Taffy recalculation;Taffy recalculation;Taffy recalculation;Taffy recalculation;Taffy recalculation;Taffy recalculation;Taffy recalculation;Taffy recalculation;Taffy recalculation;Taffy recalculation;Taffy recalculation;Taffy recalculation;Taffy recalculation;Taffy recalculation;Taffy recalculation;Taffy recalculation;Taffy recalculation;Taffy recalculation;Taffy recalculation;Taffy recalculation;Taffy recalculation
Resize,Virtual,85,2,0.599125,40,0,39,0,false,
Resize,Virtual,86,0,0.693916,40,0,39,1,false,Taffy recalculation
Resize,Virtual,86,1,0.693916,40,0,39,40,false,Taffy recalculation;Taffy recalculation;Taffy recalculation;Taffy recalculation;Taffy recalculation;Taffy recalculation;Taffy recalculation;Taffy recalculation;Taffy recalculation;Taffy recalculation;Taffy recalculation;Taffy recalculation;Taffy recalculation;Taffy recalculation;Taffy recalculation;Taffy recalculation;Taffy recalculation;Taffy recalculation;Taffy recalculation;Taffy recalculation;Taffy recalculation;Taffy recalculation;Taffy recalculation;Taffy recalculation;Taffy recalculation;Taffy recalculation;Taffy recalculation;Taffy recalculation;Taffy recalculation;Taffy recalculation;Taffy recalculation;Taffy recalculation;Taffy recalculation;Taffy recalculation;Taffy recalculation;Taffy recalculation;Taffy recalculation;Taffy recalculation;Taffy recalculation;Taffy recalculation
Resize,Virtual,86,2,0.693916,40,0,39,0,false,
Resize,Virtual,87,0,0.698083,40,0,39,1,false,Taffy recalculation
Resize,Virtual,87,1,0.698083,40,0,39,40,false,Taffy recalculation;Taffy recalculation;Taffy recalculation;Taffy recalculation;Taffy recalculation;Taffy recalculation;Taffy recalculation;Taffy recalculation;Taffy recalculation;Taffy recalculation;Taffy recalculation;Taffy recalculation;Taffy recalculation;Taffy recalculation;Taffy recalculation;Taffy recalculation;Taffy recalculation;Taffy recalculation;Taffy recalculation;Taffy recalculation;Taffy recalculation;Taffy recalculation;Taffy recalculation;Taffy recalculation;Taffy recalculation;Taffy recalculation;Taffy recalculation;Taffy recalculation;Taffy recalculation;Taffy recalculation;Taffy recalculation;Taffy recalculation;Taffy recalculation;Taffy recalculation;Taffy recalculation;Taffy recalculation;Taffy recalculation;Taffy recalculation;Taffy recalculation;Taffy recalculation
Resize,Virtual,87,2,0.698083,40,0,39,0,false,
Resize,Virtual,88,0,0.607000,40,0,39,1,false,Taffy recalculation
Resize,Virtual,88,1,0.607000,40,0,39,40,false,Taffy recalculation;Taffy recalculation;Taffy recalculation;Taffy recalculation;Taffy recalculation;Taffy recalculation;Taffy recalculation;Taffy recalculation;Taffy recalculation;Taffy recalculation;Taffy recalculation;Taffy recalculation;Taffy recalculation;Taffy recalculation;Taffy recalculation;Taffy recalculation;Taffy recalculation;Taffy recalculation;Taffy recalculation;Taffy recalculation;Taffy recalculation;Taffy recalculation;Taffy recalculation;Taffy recalculation;Taffy recalculation;Taffy recalculation;Taffy recalculation;Taffy recalculation;Taffy recalculation;Taffy recalculation;Taffy recalculation;Taffy recalculation;Taffy recalculation;Taffy recalculation;Taffy recalculation;Taffy recalculation;Taffy recalculation;Taffy recalculation;Taffy recalculation;Taffy recalculation
Resize,Virtual,88,2,0.607000,40,0,39,0,false,
Resize,Virtual,89,0,0.657791,40,0,39,1,false,Taffy recalculation
Resize,Virtual,89,1,0.657791,40,0,39,40,false,Taffy recalculation;Taffy recalculation;Taffy recalculation;Taffy recalculation;Taffy recalculation;Taffy recalculation;Taffy recalculation;Taffy recalculation;Taffy recalculation;Taffy recalculation;Taffy recalculation;Taffy recalculation;Taffy recalculation;Taffy recalculation;Taffy recalculation;Taffy recalculation;Taffy recalculation;Taffy recalculation;Taffy recalculation;Taffy recalculation;Taffy recalculation;Taffy recalculation;Taffy recalculation;Taffy recalculation;Taffy recalculation;Taffy recalculation;Taffy recalculation;Taffy recalculation;Taffy recalculation;Taffy recalculation;Taffy recalculation;Taffy recalculation;Taffy recalculation;Taffy recalculation;Taffy recalculation;Taffy recalculation;Taffy recalculation;Taffy recalculation;Taffy recalculation;Taffy recalculation
Resize,Virtual,89,2,0.657791,40,0,39,0,false,
Resize,Virtual,90,0,0.734042,40,0,39,1,false,Taffy recalculation
Resize,Virtual,90,1,0.734042,37,0,36,37,false,Taffy recalculation;Taffy recalculation;Taffy recalculation;Taffy recalculation;Taffy recalculation;Taffy recalculation;Taffy recalculation;Taffy recalculation;Taffy recalculation;Taffy recalculation;Taffy recalculation;Taffy recalculation;Taffy recalculation;Taffy recalculation;Taffy recalculation;Taffy recalculation;Taffy recalculation;Taffy recalculation;Taffy recalculation;Taffy recalculation;Taffy recalculation;Taffy recalculation;Taffy recalculation;Taffy recalculation;Taffy recalculation;Taffy recalculation;Taffy recalculation;Taffy recalculation;Taffy recalculation;Taffy recalculation;Taffy recalculation;Taffy recalculation;Taffy recalculation;Taffy recalculation;Taffy recalculation;Taffy recalculation;Taffy recalculation
Resize,Virtual,90,2,0.734042,37,0,36,0,false,
Resize,Virtual,91,0,0.588750,37,0,36,1,false,Taffy recalculation
Resize,Virtual,91,1,0.588750,38,0,37,38,false,Taffy recalculation;Taffy recalculation;Taffy recalculation;Taffy recalculation;Taffy recalculation;Taffy recalculation;Taffy recalculation;Taffy recalculation;Taffy recalculation;Taffy recalculation;Taffy recalculation;Taffy recalculation;Taffy recalculation;Taffy recalculation;Taffy recalculation;Taffy recalculation;Taffy recalculation;Taffy recalculation;Taffy recalculation;Taffy recalculation;Taffy recalculation;Taffy recalculation;Taffy recalculation;Taffy recalculation;Taffy recalculation;Taffy recalculation;Taffy recalculation;Taffy recalculation;Taffy recalculation;Taffy recalculation;Taffy recalculation;Taffy recalculation;Taffy recalculation;Taffy recalculation;Taffy recalculation;Taffy recalculation;Taffy recalculation;Taffy recalculation
Resize,Virtual,91,2,0.588750,38,0,37,0,false,
Resize,Virtual,92,0,0.653833,38,0,37,1,false,Taffy recalculation
Resize,Virtual,92,1,0.653833,38,0,37,38,false,Taffy recalculation;Taffy recalculation;Taffy recalculation;Taffy recalculation;Taffy recalculation;Taffy recalculation;Taffy recalculation;Taffy recalculation;Taffy recalculation;Taffy recalculation;Taffy recalculation;Taffy recalculation;Taffy recalculation;Taffy recalculation;Taffy recalculation;Taffy recalculation;Taffy recalculation;Taffy recalculation;Taffy recalculation;Taffy recalculation;Taffy recalculation;Taffy recalculation;Taffy recalculation;Taffy recalculation;Taffy recalculation;Taffy recalculation;Taffy recalculation;Taffy recalculation;Taffy recalculation;Taffy recalculation;Taffy recalculation;Taffy recalculation;Taffy recalculation;Taffy recalculation;Taffy recalculation;Taffy recalculation;Taffy recalculation;Taffy recalculation
Resize,Virtual,92,2,0.653833,38,0,37,0,false,
Resize,Virtual,93,0,0.664750,38,0,37,1,false,Taffy recalculation
Resize,Virtual,93,1,0.664750,38,0,37,38,false,Taffy recalculation;Taffy recalculation;Taffy recalculation;Taffy recalculation;Taffy recalculation;Taffy recalculation;Taffy recalculation;Taffy recalculation;Taffy recalculation;Taffy recalculation;Taffy recalculation;Taffy recalculation;Taffy recalculation;Taffy recalculation;Taffy recalculation;Taffy recalculation;Taffy recalculation;Taffy recalculation;Taffy recalculation;Taffy recalculation;Taffy recalculation;Taffy recalculation;Taffy recalculation;Taffy recalculation;Taffy recalculation;Taffy recalculation;Taffy recalculation;Taffy recalculation;Taffy recalculation;Taffy recalculation;Taffy recalculation;Taffy recalculation;Taffy recalculation;Taffy recalculation;Taffy recalculation;Taffy recalculation;Taffy recalculation;Taffy recalculation
Resize,Virtual,93,2,0.664750,38,0,37,0,false,
Resize,Virtual,94,0,0.572875,38,0,37,1,false,Taffy recalculation
Resize,Virtual,94,1,0.572875,38,0,37,38,false,Taffy recalculation;Taffy recalculation;Taffy recalculation;Taffy recalculation;Taffy recalculation;Taffy recalculation;Taffy recalculation;Taffy recalculation;Taffy recalculation;Taffy recalculation;Taffy recalculation;Taffy recalculation;Taffy recalculation;Taffy recalculation;Taffy recalculation;Taffy recalculation;Taffy recalculation;Taffy recalculation;Taffy recalculation;Taffy recalculation;Taffy recalculation;Taffy recalculation;Taffy recalculation;Taffy recalculation;Taffy recalculation;Taffy recalculation;Taffy recalculation;Taffy recalculation;Taffy recalculation;Taffy recalculation;Taffy recalculation;Taffy recalculation;Taffy recalculation;Taffy recalculation;Taffy recalculation;Taffy recalculation;Taffy recalculation;Taffy recalculation
Resize,Virtual,94,2,0.572875,38,0,37,0,false,
Resize,Virtual,95,0,0.646833,38,0,37,1,false,Taffy recalculation
Resize,Virtual,95,1,0.646833,38,0,37,38,false,Taffy recalculation;Taffy recalculation;Taffy recalculation;Taffy recalculation;Taffy recalculation;Taffy recalculation;Taffy recalculation;Taffy recalculation;Taffy recalculation;Taffy recalculation;Taffy recalculation;Taffy recalculation;Taffy recalculation;Taffy recalculation;Taffy recalculation;Taffy recalculation;Taffy recalculation;Taffy recalculation;Taffy recalculation;Taffy recalculation;Taffy recalculation;Taffy recalculation;Taffy recalculation;Taffy recalculation;Taffy recalculation;Taffy recalculation;Taffy recalculation;Taffy recalculation;Taffy recalculation;Taffy recalculation;Taffy recalculation;Taffy recalculation;Taffy recalculation;Taffy recalculation;Taffy recalculation;Taffy recalculation;Taffy recalculation;Taffy recalculation
Resize,Virtual,95,2,0.646833,38,0,37,0,false,
Resize,Virtual,96,0,0.662167,38,0,37,1,false,Taffy recalculation
Resize,Virtual,96,1,0.662167,38,0,37,38,false,Taffy recalculation;Taffy recalculation;Taffy recalculation;Taffy recalculation;Taffy recalculation;Taffy recalculation;Taffy recalculation;Taffy recalculation;Taffy recalculation;Taffy recalculation;Taffy recalculation;Taffy recalculation;Taffy recalculation;Taffy recalculation;Taffy recalculation;Taffy recalculation;Taffy recalculation;Taffy recalculation;Taffy recalculation;Taffy recalculation;Taffy recalculation;Taffy recalculation;Taffy recalculation;Taffy recalculation;Taffy recalculation;Taffy recalculation;Taffy recalculation;Taffy recalculation;Taffy recalculation;Taffy recalculation;Taffy recalculation;Taffy recalculation;Taffy recalculation;Taffy recalculation;Taffy recalculation;Taffy recalculation;Taffy recalculation;Taffy recalculation
Resize,Virtual,96,2,0.662167,38,0,37,0,false,
Resize,Virtual,97,0,0.580958,38,0,37,1,false,Taffy recalculation
Resize,Virtual,97,1,0.580958,38,0,37,38,false,Taffy recalculation;Taffy recalculation;Taffy recalculation;Taffy recalculation;Taffy recalculation;Taffy recalculation;Taffy recalculation;Taffy recalculation;Taffy recalculation;Taffy recalculation;Taffy recalculation;Taffy recalculation;Taffy recalculation;Taffy recalculation;Taffy recalculation;Taffy recalculation;Taffy recalculation;Taffy recalculation;Taffy recalculation;Taffy recalculation;Taffy recalculation;Taffy recalculation;Taffy recalculation;Taffy recalculation;Taffy recalculation;Taffy recalculation;Taffy recalculation;Taffy recalculation;Taffy recalculation;Taffy recalculation;Taffy recalculation;Taffy recalculation;Taffy recalculation;Taffy recalculation;Taffy recalculation;Taffy recalculation;Taffy recalculation;Taffy recalculation
Resize,Virtual,97,2,0.580958,38,0,37,0,false,
Resize,Virtual,98,0,0.655500,38,0,37,1,false,Taffy recalculation
Resize,Virtual,98,1,0.655500,38,0,37,38,false,Taffy recalculation;Taffy recalculation;Taffy recalculation;Taffy recalculation;Taffy recalculation;Taffy recalculation;Taffy recalculation;Taffy recalculation;Taffy recalculation;Taffy recalculation;Taffy recalculation;Taffy recalculation;Taffy recalculation;Taffy recalculation;Taffy recalculation;Taffy recalculation;Taffy recalculation;Taffy recalculation;Taffy recalculation;Taffy recalculation;Taffy recalculation;Taffy recalculation;Taffy recalculation;Taffy recalculation;Taffy recalculation;Taffy recalculation;Taffy recalculation;Taffy recalculation;Taffy recalculation;Taffy recalculation;Taffy recalculation;Taffy recalculation;Taffy recalculation;Taffy recalculation;Taffy recalculation;Taffy recalculation;Taffy recalculation;Taffy recalculation
Resize,Virtual,98,2,0.655500,38,0,37,0,false,
Resize,Virtual,99,0,0.673125,38,0,37,1,false,Taffy recalculation
Resize,Virtual,99,1,0.673125,38,0,37,38,false,Taffy recalculation;Taffy recalculation;Taffy recalculation;Taffy recalculation;Taffy recalculation;Taffy recalculation;Taffy recalculation;Taffy recalculation;Taffy recalculation;Taffy recalculation;Taffy recalculation;Taffy recalculation;Taffy recalculation;Taffy recalculation;Taffy recalculation;Taffy recalculation;Taffy recalculation;Taffy recalculation;Taffy recalculation;Taffy recalculation;Taffy recalculation;Taffy recalculation;Taffy recalculation;Taffy recalculation;Taffy recalculation;Taffy recalculation;Taffy recalculation;Taffy recalculation;Taffy recalculation;Taffy recalculation;Taffy recalculation;Taffy recalculation;Taffy recalculation;Taffy recalculation;Taffy recalculation;Taffy recalculation;Taffy recalculation;Taffy recalculation
Resize,Virtual,99,2,0.673125,38,0,37,0,false,
Resize,Virtual,100,0,0.577542,38,0,37,1,false,Taffy recalculation
Resize,Virtual,100,1,0.577542,38,0,37,38,false,Taffy recalculation;Taffy recalculation;Taffy recalculation;Taffy recalculation;Taffy recalculation;Taffy recalculation;Taffy recalculation;Taffy recalculation;Taffy recalculation;Taffy recalculation;Taffy recalculation;Taffy recalculation;Taffy recalculation;Taffy recalculation;Taffy recalculation;Taffy recalculation;Taffy recalculation;Taffy recalculation;Taffy recalculation;Taffy recalculation;Taffy recalculation;Taffy recalculation;Taffy recalculation;Taffy recalculation;Taffy recalculation;Taffy recalculation;Taffy recalculation;Taffy recalculation;Taffy recalculation;Taffy recalculation;Taffy recalculation;Taffy recalculation;Taffy recalculation;Taffy recalculation;Taffy recalculation;Taffy recalculation;Taffy recalculation;Taffy recalculation
Resize,Virtual,100,2,0.577542,38,0,37,0,false,
Resize,Virtual,101,0,0.699334,38,0,37,1,false,Taffy recalculation
Resize,Virtual,101,1,0.699334,39,0,38,39,false,Taffy recalculation;Taffy recalculation;Taffy recalculation;Taffy recalculation;Taffy recalculation;Taffy recalculation;Taffy recalculation;Taffy recalculation;Taffy recalculation;Taffy recalculation;Taffy recalculation;Taffy recalculation;Taffy recalculation;Taffy recalculation;Taffy recalculation;Taffy recalculation;Taffy recalculation;Taffy recalculation;Taffy recalculation;Taffy recalculation;Taffy recalculation;Taffy recalculation;Taffy recalculation;Taffy recalculation;Taffy recalculation;Taffy recalculation;Taffy recalculation;Taffy recalculation;Taffy recalculation;Taffy recalculation;Taffy recalculation;Taffy recalculation;Taffy recalculation;Taffy recalculation;Taffy recalculation;Taffy recalculation;Taffy recalculation;Taffy recalculation;Taffy recalculation
Resize,Virtual,101,2,0.699334,39,0,38,0,false,
Resize,Virtual,102,0,0.704000,39,0,38,1,false,Taffy recalculation
Resize,Virtual,102,1,0.704000,39,0,38,39,false,Taffy recalculation;Taffy recalculation;Taffy recalculation;Taffy recalculation;Taffy recalculation;Taffy recalculation;Taffy recalculation;Taffy recalculation;Taffy recalculation;Taffy recalculation;Taffy recalculation;Taffy recalculation;Taffy recalculation;Taffy recalculation;Taffy recalculation;Taffy recalculation;Taffy recalculation;Taffy recalculation;Taffy recalculation;Taffy recalculation;Taffy recalculation;Taffy recalculation;Taffy recalculation;Taffy recalculation;Taffy recalculation;Taffy recalculation;Taffy recalculation;Taffy recalculation;Taffy recalculation;Taffy recalculation;Taffy recalculation;Taffy recalculation;Taffy recalculation;Taffy recalculation;Taffy recalculation;Taffy recalculation;Taffy recalculation;Taffy recalculation;Taffy recalculation
Resize,Virtual,102,2,0.704000,39,0,38,0,false,
Resize,Virtual,103,0,0.622292,39,0,38,1,false,Taffy recalculation
Resize,Virtual,103,1,0.622292,39,0,38,39,false,Taffy recalculation;Taffy recalculation;Taffy recalculation;Taffy recalculation;Taffy recalculation;Taffy recalculation;Taffy recalculation;Taffy recalculation;Taffy recalculation;Taffy recalculation;Taffy recalculation;Taffy recalculation;Taffy recalculation;Taffy recalculation;Taffy recalculation;Taffy recalculation;Taffy recalculation;Taffy recalculation;Taffy recalculation;Taffy recalculation;Taffy recalculation;Taffy recalculation;Taffy recalculation;Taffy recalculation;Taffy recalculation;Taffy recalculation;Taffy recalculation;Taffy recalculation;Taffy recalculation;Taffy recalculation;Taffy recalculation;Taffy recalculation;Taffy recalculation;Taffy recalculation;Taffy recalculation;Taffy recalculation;Taffy recalculation;Taffy recalculation;Taffy recalculation
Resize,Virtual,103,2,0.622292,39,0,38,0,false,
Resize,Virtual,104,0,0.722000,39,0,38,1,false,Taffy recalculation
Resize,Virtual,104,1,0.722000,39,0,38,39,false,Taffy recalculation;Taffy recalculation;Taffy recalculation;Taffy recalculation;Taffy recalculation;Taffy recalculation;Taffy recalculation;Taffy recalculation;Taffy recalculation;Taffy recalculation;Taffy recalculation;Taffy recalculation;Taffy recalculation;Taffy recalculation;Taffy recalculation;Taffy recalculation;Taffy recalculation;Taffy recalculation;Taffy recalculation;Taffy recalculation;Taffy recalculation;Taffy recalculation;Taffy recalculation;Taffy recalculation;Taffy recalculation;Taffy recalculation;Taffy recalculation;Taffy recalculation;Taffy recalculation;Taffy recalculation;Taffy recalculation;Taffy recalculation;Taffy recalculation;Taffy recalculation;Taffy recalculation;Taffy recalculation;Taffy recalculation;Taffy recalculation;Taffy recalculation
Resize,Virtual,104,2,0.722000,39,0,38,0,false,
Resize,Virtual,105,0,0.686209,39,0,38,1,false,Taffy recalculation
Resize,Virtual,105,1,0.686209,39,0,38,39,false,Taffy recalculation;Taffy recalculation;Taffy recalculation;Taffy recalculation;Taffy recalculation;Taffy recalculation;Taffy recalculation;Taffy recalculation;Taffy recalculation;Taffy recalculation;Taffy recalculation;Taffy recalculation;Taffy recalculation;Taffy recalculation;Taffy recalculation;Taffy recalculation;Taffy recalculation;Taffy recalculation;Taffy recalculation;Taffy recalculation;Taffy recalculation;Taffy recalculation;Taffy recalculation;Taffy recalculation;Taffy recalculation;Taffy recalculation;Taffy recalculation;Taffy recalculation;Taffy recalculation;Taffy recalculation;Taffy recalculation;Taffy recalculation;Taffy recalculation;Taffy recalculation;Taffy recalculation;Taffy recalculation;Taffy recalculation;Taffy recalculation;Taffy recalculation
Resize,Virtual,105,2,0.686209,39,0,38,0,false,
Resize,Virtual,106,0,0.585417,39,0,38,1,false,Taffy recalculation
Resize,Virtual,106,1,0.585417,39,0,38,39,false,Taffy recalculation;Taffy recalculation;Taffy recalculation;Taffy recalculation;Taffy recalculation;Taffy recalculation;Taffy recalculation;Taffy recalculation;Taffy recalculation;Taffy recalculation;Taffy recalculation;Taffy recalculation;Taffy recalculation;Taffy recalculation;Taffy recalculation;Taffy recalculation;Taffy recalculation;Taffy recalculation;Taffy recalculation;Taffy recalculation;Taffy recalculation;Taffy recalculation;Taffy recalculation;Taffy recalculation;Taffy recalculation;Taffy recalculation;Taffy recalculation;Taffy recalculation;Taffy recalculation;Taffy recalculation;Taffy recalculation;Taffy recalculation;Taffy recalculation;Taffy recalculation;Taffy recalculation;Taffy recalculation;Taffy recalculation;Taffy recalculation;Taffy recalculation
Resize,Virtual,106,2,0.585417,39,0,38,0,false,
Resize,Virtual,107,0,0.687000,39,0,38,1,false,Taffy recalculation
Resize,Virtual,107,1,0.687000,39,0,38,39,false,Taffy recalculation;Taffy recalculation;Taffy recalculation;Taffy recalculation;Taffy recalculation;Taffy recalculation;Taffy recalculation;Taffy recalculation;Taffy recalculation;Taffy recalculation;Taffy recalculation;Taffy recalculation;Taffy recalculation;Taffy recalculation;Taffy recalculation;Taffy recalculation;Taffy recalculation;Taffy recalculation;Taffy recalculation;Taffy recalculation;Taffy recalculation;Taffy recalculation;Taffy recalculation;Taffy recalculation;Taffy recalculation;Taffy recalculation;Taffy recalculation;Taffy recalculation;Taffy recalculation;Taffy recalculation;Taffy recalculation;Taffy recalculation;Taffy recalculation;Taffy recalculation;Taffy recalculation;Taffy recalculation;Taffy recalculation;Taffy recalculation;Taffy recalculation
Resize,Virtual,107,2,0.687000,39,0,38,0,false,
Resize,Virtual,108,0,0.719542,39,0,38,1,false,Taffy recalculation
Resize,Virtual,108,1,0.719542,39,0,38,39,false,Taffy recalculation;Taffy recalculation;Taffy recalculation;Taffy recalculation;Taffy recalculation;Taffy recalculation;Taffy recalculation;Taffy recalculation;Taffy recalculation;Taffy recalculation;Taffy recalculation;Taffy recalculation;Taffy recalculation;Taffy recalculation;Taffy recalculation;Taffy recalculation;Taffy recalculation;Taffy recalculation;Taffy recalculation;Taffy recalculation;Taffy recalculation;Taffy recalculation;Taffy recalculation;Taffy recalculation;Taffy recalculation;Taffy recalculation;Taffy recalculation;Taffy recalculation;Taffy recalculation;Taffy recalculation;Taffy recalculation;Taffy recalculation;Taffy recalculation;Taffy recalculation;Taffy recalculation;Taffy recalculation;Taffy recalculation;Taffy recalculation;Taffy recalculation
Resize,Virtual,108,2,0.719542,39,0,38,0,false,
Resize,Virtual,109,0,0.602416,39,0,38,1,false,Taffy recalculation
Resize,Virtual,109,1,0.602416,39,0,38,39,false,Taffy recalculation;Taffy recalculation;Taffy recalculation;Taffy recalculation;Taffy recalculation;Taffy recalculation;Taffy recalculation;Taffy recalculation;Taffy recalculation;Taffy recalculation;Taffy recalculation;Taffy recalculation;Taffy recalculation;Taffy recalculation;Taffy recalculation;Taffy recalculation;Taffy recalculation;Taffy recalculation;Taffy recalculation;Taffy recalculation;Taffy recalculation;Taffy recalculation;Taffy recalculation;Taffy recalculation;Taffy recalculation;Taffy recalculation;Taffy recalculation;Taffy recalculation;Taffy recalculation;Taffy recalculation;Taffy recalculation;Taffy recalculation;Taffy recalculation;Taffy recalculation;Taffy recalculation;Taffy recalculation;Taffy recalculation;Taffy recalculation;Taffy recalculation
Resize,Virtual,109,2,0.602416,39,0,38,0,false,
Resize,Virtual,110,0,0.756000,39,0,38,1,false,Taffy recalculation
Resize,Virtual,110,1,0.756000,39,0,38,39,false,Taffy recalculation;Taffy recalculation;Taffy recalculation;Taffy recalculation;Taffy recalculation;Taffy recalculation;Taffy recalculation;Taffy recalculation;Taffy recalculation;Taffy recalculation;Taffy recalculation;Taffy recalculation;Taffy recalculation;Taffy recalculation;Taffy recalculation;Taffy recalculation;Taffy recalculation;Taffy recalculation;Taffy recalculation;Taffy recalculation;Taffy recalculation;Taffy recalculation;Taffy recalculation;Taffy recalculation;Taffy recalculation;Taffy recalculation;Taffy recalculation;Taffy recalculation;Taffy recalculation;Taffy recalculation;Taffy recalculation;Taffy recalculation;Taffy recalculation;Taffy recalculation;Taffy recalculation;Taffy recalculation;Taffy recalculation;Taffy recalculation;Taffy recalculation
Resize,Virtual,110,2,0.756000,39,0,38,0,false,
Resize,Virtual,111,0,0.697459,39,0,38,1,false,Taffy recalculation
Resize,Virtual,111,1,0.697459,40,0,39,40,false,Taffy recalculation;Taffy recalculation;Taffy recalculation;Taffy recalculation;Taffy recalculation;Taffy recalculation;Taffy recalculation;Taffy recalculation;Taffy recalculation;Taffy recalculation;Taffy recalculation;Taffy recalculation;Taffy recalculation;Taffy recalculation;Taffy recalculation;Taffy recalculation;Taffy recalculation;Taffy recalculation;Taffy recalculation;Taffy recalculation;Taffy recalculation;Taffy recalculation;Taffy recalculation;Taffy recalculation;Taffy recalculation;Taffy recalculation;Taffy recalculation;Taffy recalculation;Taffy recalculation;Taffy recalculation;Taffy recalculation;Taffy recalculation;Taffy recalculation;Taffy recalculation;Taffy recalculation;Taffy recalculation;Taffy recalculation;Taffy recalculation;Taffy recalculation;Taffy recalculation
Resize,Virtual,111,2,0.697459,40,0,39,0,false,
Resize,Virtual,112,0,0.618208,40,0,39,1,false,Taffy recalculation
Resize,Virtual,112,1,0.618208,40,0,39,40,false,Taffy recalculation;Taffy recalculation;Taffy recalculation;Taffy recalculation;Taffy recalculation;Taffy recalculation;Taffy recalculation;Taffy recalculation;Taffy recalculation;Taffy recalculation;Taffy recalculation;Taffy recalculation;Taffy recalculation;Taffy recalculation;Taffy recalculation;Taffy recalculation;Taffy recalculation;Taffy recalculation;Taffy recalculation;Taffy recalculation;Taffy recalculation;Taffy recalculation;Taffy recalculation;Taffy recalculation;Taffy recalculation;Taffy recalculation;Taffy recalculation;Taffy recalculation;Taffy recalculation;Taffy recalculation;Taffy recalculation;Taffy recalculation;Taffy recalculation;Taffy recalculation;Taffy recalculation;Taffy recalculation;Taffy recalculation;Taffy recalculation;Taffy recalculation;Taffy recalculation
Resize,Virtual,112,2,0.618208,40,0,39,0,false,
Resize,Virtual,113,0,0.687792,40,0,39,1,false,Taffy recalculation
Resize,Virtual,113,1,0.687792,40,0,39,40,false,Taffy recalculation;Taffy recalculation;Taffy recalculation;Taffy recalculation;Taffy recalculation;Taffy recalculation;Taffy recalculation;Taffy recalculation;Taffy recalculation;Taffy recalculation;Taffy recalculation;Taffy recalculation;Taffy recalculation;Taffy recalculation;Taffy recalculation;Taffy recalculation;Taffy recalculation;Taffy recalculation;Taffy recalculation;Taffy recalculation;Taffy recalculation;Taffy recalculation;Taffy recalculation;Taffy recalculation;Taffy recalculation;Taffy recalculation;Taffy recalculation;Taffy recalculation;Taffy recalculation;Taffy recalculation;Taffy recalculation;Taffy recalculation;Taffy recalculation;Taffy recalculation;Taffy recalculation;Taffy recalculation;Taffy recalculation;Taffy recalculation;Taffy recalculation;Taffy recalculation
Resize,Virtual,113,2,0.687792,40,0,39,0,false,
Resize,Virtual,114,0,0.764875,40,0,39,1,false,Taffy recalculation
Resize,Virtual,114,1,0.764875,40,0,39,40,false,Taffy recalculation;Taffy recalculation;Taffy recalculation;Taffy recalculation;Taffy recalculation;Taffy recalculation;Taffy recalculation;Taffy recalculation;Taffy recalculation;Taffy recalculation;Taffy recalculation;Taffy recalculation;Taffy recalculation;Taffy recalculation;Taffy recalculation;Taffy recalculation;Taffy recalculation;Taffy recalculation;Taffy recalculation;Taffy recalculation;Taffy recalculation;Taffy recalculation;Taffy recalculation;Taffy recalculation;Taffy recalculation;Taffy recalculation;Taffy recalculation;Taffy recalculation;Taffy recalculation;Taffy recalculation;Taffy recalculation;Taffy recalculation;Taffy recalculation;Taffy recalculation;Taffy recalculation;Taffy recalculation;Taffy recalculation;Taffy recalculation;Taffy recalculation;Taffy recalculation
Resize,Virtual,114,2,0.764875,40,0,39,0,false,
Resize,Virtual,115,0,0.620583,40,0,39,1,false,Taffy recalculation
Resize,Virtual,115,1,0.620583,40,0,39,40,false,Taffy recalculation;Taffy recalculation;Taffy recalculation;Taffy recalculation;Taffy recalculation;Taffy recalculation;Taffy recalculation;Taffy recalculation;Taffy recalculation;Taffy recalculation;Taffy recalculation;Taffy recalculation;Taffy recalculation;Taffy recalculation;Taffy recalculation;Taffy recalculation;Taffy recalculation;Taffy recalculation;Taffy recalculation;Taffy recalculation;Taffy recalculation;Taffy recalculation;Taffy recalculation;Taffy recalculation;Taffy recalculation;Taffy recalculation;Taffy recalculation;Taffy recalculation;Taffy recalculation;Taffy recalculation;Taffy recalculation;Taffy recalculation;Taffy recalculation;Taffy recalculation;Taffy recalculation;Taffy recalculation;Taffy recalculation;Taffy recalculation;Taffy recalculation;Taffy recalculation
Resize,Virtual,115,2,0.620583,40,0,39,0,false,
Resize,Virtual,116,0,0.754084,40,0,39,1,false,Taffy recalculation
Resize,Virtual,116,1,0.754084,40,0,39,40,false,Taffy recalculation;Taffy recalculation;Taffy recalculation;Taffy recalculation;Taffy recalculation;Taffy recalculation;Taffy recalculation;Taffy recalculation;Taffy recalculation;Taffy recalculation;Taffy recalculation;Taffy recalculation;Taffy recalculation;Taffy recalculation;Taffy recalculation;Taffy recalculation;Taffy recalculation;Taffy recalculation;Taffy recalculation;Taffy recalculation;Taffy recalculation;Taffy recalculation;Taffy recalculation;Taffy recalculation;Taffy recalculation;Taffy recalculation;Taffy recalculation;Taffy recalculation;Taffy recalculation;Taffy recalculation;Taffy recalculation;Taffy recalculation;Taffy recalculation;Taffy recalculation;Taffy recalculation;Taffy recalculation;Taffy recalculation;Taffy recalculation;Taffy recalculation;Taffy recalculation
Resize,Virtual,116,2,0.754084,40,0,39,0,false,
Resize,Virtual,117,0,0.707959,40,0,39,1,false,Taffy recalculation
Resize,Virtual,117,1,0.707959,40,0,39,40,false,Taffy recalculation;Taffy recalculation;Taffy recalculation;Taffy recalculation;Taffy recalculation;Taffy recalculation;Taffy recalculation;Taffy recalculation;Taffy recalculation;Taffy recalculation;Taffy recalculation;Taffy recalculation;Taffy recalculation;Taffy recalculation;Taffy recalculation;Taffy recalculation;Taffy recalculation;Taffy recalculation;Taffy recalculation;Taffy recalculation;Taffy recalculation;Taffy recalculation;Taffy recalculation;Taffy recalculation;Taffy recalculation;Taffy recalculation;Taffy recalculation;Taffy recalculation;Taffy recalculation;Taffy recalculation;Taffy recalculation;Taffy recalculation;Taffy recalculation;Taffy recalculation;Taffy recalculation;Taffy recalculation;Taffy recalculation;Taffy recalculation;Taffy recalculation;Taffy recalculation
Resize,Virtual,117,2,0.707959,40,0,39,0,false,
Resize,Virtual,118,0,0.590417,40,0,39,1,false,Taffy recalculation
Resize,Virtual,118,1,0.590417,40,0,39,40,false,Taffy recalculation;Taffy recalculation;Taffy recalculation;Taffy recalculation;Taffy recalculation;Taffy recalculation;Taffy recalculation;Taffy recalculation;Taffy recalculation;Taffy recalculation;Taffy recalculation;Taffy recalculation;Taffy recalculation;Taffy recalculation;Taffy recalculation;Taffy recalculation;Taffy recalculation;Taffy recalculation;Taffy recalculation;Taffy recalculation;Taffy recalculation;Taffy recalculation;Taffy recalculation;Taffy recalculation;Taffy recalculation;Taffy recalculation;Taffy recalculation;Taffy recalculation;Taffy recalculation;Taffy recalculation;Taffy recalculation;Taffy recalculation;Taffy recalculation;Taffy recalculation;Taffy recalculation;Taffy recalculation;Taffy recalculation;Taffy recalculation;Taffy recalculation;Taffy recalculation
Resize,Virtual,118,2,0.590417,40,0,39,0,false,
Resize,Virtual,119,0,0.697333,40,0,39,1,false,Taffy recalculation
Resize,Virtual,119,1,0.697333,40,0,39,40,false,Taffy recalculation;Taffy recalculation;Taffy recalculation;Taffy recalculation;Taffy recalculation;Taffy recalculation;Taffy recalculation;Taffy recalculation;Taffy recalculation;Taffy recalculation;Taffy recalculation;Taffy recalculation;Taffy recalculation;Taffy recalculation;Taffy recalculation;Taffy recalculation;Taffy recalculation;Taffy recalculation;Taffy recalculation;Taffy recalculation;Taffy recalculation;Taffy recalculation;Taffy recalculation;Taffy recalculation;Taffy recalculation;Taffy recalculation;Taffy recalculation;Taffy recalculation;Taffy recalculation;Taffy recalculation;Taffy recalculation;Taffy recalculation;Taffy recalculation;Taffy recalculation;Taffy recalculation;Taffy recalculation;Taffy recalculation;Taffy recalculation;Taffy recalculation;Taffy recalculation
Resize,Virtual,119,2,0.697333,40,0,39,0,false,
Resize,Plain,0,0,0.123959,37,0,36,0,false,
Resize,Plain,1,0,0.128250,38,0,37,0,false,
Resize,Plain,2,0,0.144708,38,0,37,0,false,
Resize,Plain,3,0,0.140542,38,0,37,0,false,
Resize,Plain,4,0,0.127875,38,0,37,0,false,
Resize,Plain,5,0,0.178250,38,0,37,0,false,
Resize,Plain,6,0,0.135583,38,0,37,0,false,
Resize,Plain,7,0,0.120375,38,0,37,0,false,
Resize,Plain,8,0,0.168750,38,0,37,0,false,
Resize,Plain,9,0,0.182375,38,0,37,0,false,
Resize,Plain,10,0,0.170542,38,0,37,0,false,
Resize,Plain,11,0,0.196875,39,0,38,0,false,
Resize,Plain,12,0,0.132459,39,0,38,0,false,
Resize,Plain,13,0,0.120167,39,0,38,0,false,
Resize,Plain,14,0,0.165875,39,0,38,0,false,
Resize,Plain,15,0,0.131834,39,0,38,0,false,
Resize,Plain,16,0,0.121750,39,0,38,0,false,
Resize,Plain,17,0,0.163709,39,0,38,0,false,
Resize,Plain,18,0,0.144167,39,0,38,0,false,
Resize,Plain,19,0,0.126917,39,0,38,0,false,
Resize,Plain,20,0,0.184916,39,0,38,0,false,
Resize,Plain,21,0,0.142500,40,0,39,0,false,
Resize,Plain,22,0,0.120125,40,0,39,0,false,
Resize,Plain,23,0,0.186375,40,0,39,0,false,
Resize,Plain,24,0,0.139708,40,0,39,0,false,
Resize,Plain,25,0,0.121666,40,0,39,0,false,
Resize,Plain,26,0,0.157333,40,0,39,0,false,
Resize,Plain,27,0,0.174250,40,0,39,0,false,
Resize,Plain,28,0,0.173958,40,0,39,0,false,
Resize,Plain,29,0,0.200083,40,0,39,0,false,
Resize,Plain,30,0,0.191125,37,0,36,0,false,
Resize,Plain,31,0,0.126875,38,0,37,0,false,
Resize,Plain,32,0,0.183042,38,0,37,0,false,
Resize,Plain,33,0,0.135084,38,0,37,0,false,
Resize,Plain,34,0,0.115292,38,0,37,0,false,
Resize,Plain,35,0,0.162583,38,0,37,0,false,
Resize,Plain,36,0,0.141958,38,0,37,0,false,
Resize,Plain,37,0,0.114917,38,0,37,0,false,
Resize,Plain,38,0,0.218500,38,0,37,0,false,
Resize,Plain,39,0,0.147875,38,0,37,0,false,
Resize,Plain,40,0,0.131333,38,0,37,0,false,
Resize,Plain,41,0,0.185709,39,0,38,0,false,
Resize,Plain,42,0,0.127125,39,0,38,0,false,
Resize,Plain,43,0,0.117375,39,0,38,0,false,
Resize,Plain,44,0,0.214583,39,0,38,0,false,
Resize,Plain,45,0,0.137917,39,0,38,0,false,
Resize,Plain,46,0,0.123542,39,0,38,0,false,
Resize,Plain,47,0,0.155875,39,0,38,0,false,
Resize,Plain,48,0,0.132500,39,0,38,0,false,
Resize,Plain,49,0,0.118208,39,0,38,0,false,
Resize,Plain,50,0,0.159083,39,0,38,0,false,
Resize,Plain,51,0,0.143542,40,0,39,0,false,
Resize,Plain,52,0,0.125417,40,0,39,0,false,
Resize,Plain,53,0,0.169291,40,0,39,0,false,
Resize,Plain,54,0,0.132542,40,0,39,0,false,
Resize,Plain,55,0,0.119333,40,0,39,0,false,
Resize,Plain,56,0,0.196792,40,0,39,0,false,
Resize,Plain,57,0,0.127542,40,0,39,0,false,
Resize,Plain,58,0,0.118542,40,0,39,0,false,
Resize,Plain,59,0,0.169625,40,0,39,0,false,
Resize,Plain,60,0,0.124666,37,0,36,0,false,
Resize,Plain,61,0,0.122750,38,0,37,0,false,
Resize,Plain,62,0,0.189542,38,0,37,0,false,
Resize,Plain,63,0,0.126750,38,0,37,0,false,
Resize,Plain,64,0,0.112416,38,0,37,0,false,
Resize,Plain,65,0,0.133750,38,0,37,0,false,
Resize,Plain,66,0,0.137166,38,0,37,0,false,
Resize,Plain,67,0,0.124417,38,0,37,0,false,
Resize,Plain,68,0,0.161000,38,0,37,0,false,
Resize,Plain,69,0,0.128625,38,0,37,0,false,
Resize,Plain,70,0,0.117917,38,0,37,0,false,
Resize,Plain,71,0,0.171292,39,0,38,0,false,
Resize,Plain,72,0,0.129583,39,0,38,0,false,
Resize,Plain,73,0,0.140542,39,0,38,0,false,
Resize,Plain,74,0,0.163333,39,0,38,0,false,
Resize,Plain,75,0,0.138250,39,0,38,0,false,
Resize,Plain,76,0,0.116709,39,0,38,0,false,
Resize,Plain,77,0,0.166583,39,0,38,0,false,
Resize,Plain,78,0,0.163250,39,0,38,0,false,
Resize,Plain,79,0,0.124375,39,0,38,0,false,
Resize,Plain,80,0,0.151500,39,0,38,0,false,
Resize,Plain,81,0,0.140625,40,0,39,0,false,
Resize,Plain,82,0,0.119791,40,0,39,0,false,
Resize,Plain,83,0,0.183500,40,0,39,0,false,
Resize,Plain,84,0,0.129208,40,0,39,0,false,
Resize,Plain,85,0,0.118458,40,0,39,0,false,
Resize,Plain,86,0,0.154625,40,0,39,0,false,
Resize,Plain,87,0,0.138583,40,0,39,0,false,
Resize,Plain,88,0,0.121750,40,0,39,0,false,
Resize,Plain,89,0,0.188291,40,0,39,0,false,
Resize,Plain,90,0,0.141500,37,0,36,0,false,
Resize,Plain,91,0,0.131333,38,0,37,0,false,
Resize,Plain,92,0,0.152458,38,0,37,0,false,
Resize,Plain,93,0,0.128083,38,0,37,0,false,
Resize,Plain,94,0,0.113834,38,0,37,0,false,
Resize,Plain,95,0,0.155708,38,0,37,0,false,
Resize,Plain,96,0,0.133667,38,0,37,0,false,
Resize,Plain,97,0,0.117166,38,0,37,0,false,
Resize,Plain,98,0,0.143834,38,0,37,0,false,
Resize,Plain,99,0,0.128792,38,0,37,0,false,
Resize,Plain,100,0,0.115125,38,0,37,0,false,
Resize,Plain,101,0,0.164000,39,0,38,0,false,
Resize,Plain,102,0,0.132500,39,0,38,0,false,
Resize,Plain,103,0,0.119000,39,0,38,0,false,
Resize,Plain,104,0,0.166625,39,0,38,0,false,
Resize,Plain,105,0,0.127458,39,0,38,0,false,
Resize,Plain,106,0,0.117125,39,0,38,0,false,
Resize,Plain,107,0,0.154916,39,0,38,0,false,
Resize,Plain,108,0,0.167750,39,0,38,0,false,
Resize,Plain,109,0,0.160042,39,0,38,0,false,
Resize,Plain,110,0,0.161875,39,0,38,0,false,
Resize,Plain,111,0,0.138833,40,0,39,0,false,
Resize,Plain,112,0,0.123333,40,0,39,0,false,
Resize,Plain,113,0,0.216917,40,0,39,0,false,
Resize,Plain,114,0,0.185250,40,0,39,0,false,
Resize,Plain,115,0,0.166916,40,0,39,0,false,
Resize,Plain,116,0,0.171500,40,0,39,0,false,
Resize,Plain,117,0,0.147584,40,0,39,0,false,
Resize,Plain,118,0,0.127666,40,0,39,0,false,
Resize,Plain,119,0,0.162667,40,0,39,0,false,
